1,https://petcanvaa.myshopify.com/,support@petcanva.com,undefined,undefined,https://instagram.com/mypetcanva/,undefined,undefined
2,https://downtown-pet-supply.myshopify.com/,support@downtownpetsupply.com,https://www.facebook.com/Downtown-Pet-Supply-221585924710662/,https://www.youtube.com/watch?v=Pw1npNVVcYA,https://instagram.com/downtownpetsupply/?hl=en,https://twitter.com/widgets.js,https://www.pinterest.com/downtownpetsupp/
3,https://pet-wellbeing-redesign.myshopify.com/,customerservice@petwellbeing.com,https://www.facebook.com/PetWellBeing,https://www.youtube.com/c/Petwellbeing,https://instagram.com/pet_wellbeing/,https://twitter.com/PetWellbeing,undefined
4,https://pets-barn.myshopify.com/,contactus@petsbarn.com,https://www.facebook.com/petsbarnstore/,undefined,https://instagram.com/petsbarn/,https://twitter.com/petsbarnstore,undefined
5,https://the-native-pet.myshopify.com/,not provided,https://www.facebook.com/Native-Pet-1708986049410202/,https://www.youtube.com/channel/UC9utEsG-PpbUEk62gXlEf1g/featured,https://instagram.com/thenativepet/,https://twitter.com/shopify,https://www.pinterest.com/thenativepet
6,https://charlottes-pet.myshopify.com/,info@charlottespet.com,https://www.facebook.com/charlottespet,https://www.youtube.com/channel/UCERlsTRnyasksQeYdlVHHHA,https://instagram.com/charlottespet,https://twitter.com/charlottes_pet,https://www.pinterest.com/charlottespets
7,https://vital-pet-life.myshopify.com/,hello@vitalpetlife.com,https://www.facebook.com/VitalPetLife/,https://www.youtube.com/channel/UCclyKclayDF9_BaquJMWOZQ,https://instagram.com/vitalpetlife/,https://twitter.com/vitalpetlife,https://www.pinterest.com/vitalpetlife/_shop/
8,https://green-pet-shop.myshopify.com/,customerservice@thegreenpetshop.com,https://www.facebook.com/TheGreenPetShop,undefined,https://instagram.com/thegreenpetshop,https://twitter.com/TheGreenPetShop,https://www.pinterest.com/thegreenpetshop/
9,https://pawsnplay.myshopify.com/,ithebeautybark@gmail.com,https://www.facebook.com/pawsnplayoldetownarvada,undefined,https://instagram.com/pawsnplay_arvada/,undefined,undefined
10,https://doca-pet.myshopify.com/,your-email@example.com,https://www.facebook.com/pages/category/Company/Doca-Pet-191367294306182/,undefined,https://instagram.com/docapet/,undefined,undefined
11,https://incred-pets.myshopify.com/,customercare@incredpets.com,https://www.facebook.com/incrediblepets/,undefined,https://instagram.com/incredible.pets/,undefined,undefined
12,https://petmagasin.myshopify.com/,support@petmagasin.zendesk.com,https://www.facebook.com/PETMAGASIN,undefined,https://instagram.com/PETMAGASIN,https://twitter.com/PETMAGASIN,https://www.pinterest.com/PETMAGASIN
13,https://petshow.myshopify.com/,not provided,https://www.facebook.com/thepetshow,https://www.youtube.com/user/warreneckstein,https://instagram.com/warreneckstein,https://twitter.com/warreneckstein,https://www.pinterest.com/warreneckstein
14,https://petdoors-com.myshopify.com/,customerservice@petdoors.com,https://www.facebook.com/americasfinestpetdoors,https://www.youtube.com/user/EverythingPetDoors,https://instagram.com/petdoors,undefined,undefined
15,https://health-mutt-store.myshopify.com/,tampahealthmutt@gmail.com,https://www.facebook.com/healthmutt,https://www.youtube.com/embed/CW1AWD6cWKo?rel=0&showinfo=0&vq=720,https://instagram.com/health_mutt/,https://twitter.com/HealthMutt,undefined
16,https://paramount-pet-health.myshopify.com/,not provided,https://www.facebook.com/paramountpethealth,https://www.youtube.com/embed/ID?rel=0&autoplay=1,https://instagram.com/paramountpethealth,undefined,https://www.pinterest.com/v3/?tid=2614138850574&noscript=1
17,https://petique-usa.myshopify.com/,info@petique.com,https://www.facebook.com/PetiquePets/,https://www.youtube.com/channel/UCKsE28YmQFFe5I12SCN-1-Q,https://instagram.com/petiquepets/,https://twitter.com/petiquepets,https://www.pinterest.com/PetiquePets/
18,https://happinessboxpns.myshopify.com/,slick-carousel@1.8.1/support@gist-apps.com./your@email.com/info@petnshape.com?subject=mail%20from%20our%20website's%20contact%20page,https://www.facebook.com/petnshape,https://www.youtube.com/channel/UChR8gbi9Gri6qZv7xAohRww,https://instagram.com/petnshape/,undefined,https://www.pinterest.com/petnshape
19,https://pet-depot-timonium.myshopify.com/,jtjpetdepot@gmail.com,https://www.facebook.com/petdepotmd,https://www.youtube.com/embed/tJ7gpSyzOk0,https://instagram.com/petdepotmd/,undefined,undefined
20,http://happy-tails-pet-supplies-demo.myshopify.com/,not provided,https://www.facebook.com/happytailspetstore/,undefined,undefined,https://twitter.com/happytailsstore,undefined
21,https://pet-krewe.myshopify.com/,not provided,https://www.facebook.com/PetKrewe/,undefined,https://instagram.com/petkrewe/,https://twitter.com/petkrewe,https://www.pinterest.com/petkrewecostumes/
22,https://damn-pet-shop.myshopify.com/,mail@pet-shop.co,undefined,undefined,https://instagram.com/secondbestpetshop,undefined,undefined
23,http://www-vetniquelabs-com.myshopify.com/,support@vetnique.com.,https://www.facebook.com/vetnique,https://www.youtube.com/user/GlandexForPets,https://instagram.com/vetnique,https://twitter.com/Vetnique,https://www.pinterest.com/VetniquePetProducts/
24,https://iris-usa-inc.myshopify.com/,not provided,https://www.facebook.com/irisusa/,https://www.youtube.com/channel/UCDaMYGDw64hHApGQDF_o00w,https://instagram.com/irisusa/,https://twitter.com/irisusainc?s=20,https://www.pinterest.com/irisusainc/_created/
25,https://feed-store-knoxville.myshopify.com/,info@agrifeedpetsupply.com,https://www.facebook.com/AgriFeed,https://www.youtube.com/channel/UC8Hod7AFeBcdN37tOCChZlA,https://instagram.com/agrifeedpetsupply/?ref=badge,undefined,undefined
26,http://pearhead.myshopify.com/,sales@pearhead.com,https://www.facebook.com/Pearheadinc/,undefined,https://instagram.com/v1/users/self/media/recent/?access_token=' + accessToken + '&count=20';        $container.find('.box').hide();        $.ajax({          url: apiURL;          dataType: ,https://twitter.com/PearheadInc,https://www.pinterest.com/pearheadinc/
27,https://petoga.myshopify.com/,joe@example.com/jan.novak@server.cz/joe@voorbeeld.com/peter@beispielemai.de/kisjanos@pelda.hu/mariorossi@esempio.it/joe@eksempel.com/ula@gmail.com,https://www.facebook.com/alfiepet/,undefined,https://instagram.com/alfiepet/,undefined,https://www.pinterest.com/alfie_pet
28,https://two-tails-pet-company.myshopify.com/,not provided,https://www.facebook.com/twotailspetcompany/,https://www.youtube.com/player_api,https://instagram.com/twotailspetcompany/,undefined,undefined
29,https://caldera-international.myshopify.com/,service@calderaintl.com?subject=hello%20again,https://www.facebook.com/Caldera-International-Inc-449078918820405/,undefined,https://instagram.com/calderainternational/,undefined,undefined
30,https://portland-pet-food-company.myshopify.com/,support@portlandpetfoodcompany.com,https://www.facebook.com/portlandpetfood,undefined,https://instagram.com/portlandpetfood/,https://twitter.com/portlandpetfood/,undefined
31,https://xmpow.myshopify.com/,cservice@xmpow.com,https://www.facebook.com/MPOWOfficial,https://www.youtube.com/player_api,https://instagram.com/mpowofficial/,undefined,undefined
32,https://crownandpaw.myshopify.com/,vanilla-lazyload@17.5.0,https://www.facebook.com/crownandpaw/,https://www.youtube.com/channel/UC_dTpcnLLKTVGAibcb90ARQ,https://instagram.com/crownandpaw,https://twitter.com/crownandpaw,https://www.pinterest.com/crownandpaw/
33,https://pet-depot-stores.myshopify.com/,not provided,https://www.facebook.com/petdepotal,https://www.youtube.com/watch?v=N0ojweDzM5w,https://instagram.com/petdepotal/,https://twitter.com/widgets.js,undefined
34,https://pet-friendly-pickup-delivery.myshopify.com/,contact@petfriendlysite.com,https://www.facebook.com/Petfriendlyinc/,https://www.youtube.com/embed/8BhBXqVm7e8?rel=0&showinfo=0&vq=720,https://instagram.com/petfriendlyinc/,https://twitter.com/PetFriendlyInc,undefined
35,https://cordaroys-1.myshopify.com/,support@cordaroys.com,https://www.facebook.com/beanbagbeds,undefined,https://instagram.com/cordaroys,https://twitter.com/cordaroys,https://www.pinterest.com/beanbagbeds
36,https://campbell-pet-company.myshopify.com/,info@campbellpet.com,https://www.facebook.com/Campbell-Pet-Company-459334464145077,https://www.youtube.com/user/CampbellPetCo,undefined,undefined,undefined
37,http://pet-memorial-services.myshopify.com/,not provided,https://www.facebook.com/PetMemorialServicesPA,undefined,undefined,https://twitter.com/widgets.js,undefined
38,https://douglas-feed-and-supply-pickup.myshopify.com/,craig@douglasranchsupply.com,https://www.facebook.com/douglasfeedandpetsupply,undefined,https://instagram.com/douglasfeed.petsupply/,https://twitter.com/DouglasFeed,undefined
39,https://village-pet-market-store.myshopify.com/,villagepetmarket222@gmail.com,https://www.facebook.com/Village-Pet-Market-182967615060346/,undefined,undefined,undefined,undefined
40,https://shop-dirtdevil.myshopify.com/,support@dirtdevil.com,https://www.facebook.com/dirtdevil,https://www.youtube.com/channel/UCWz6HkPpkbK9bXn9YrFum9w,https://instagram.com/dirtdevil/,https://twitter.com/dirtdevil,https://www.pinterest.com/DirtDevilUSA/_created/
41,https://pet-spawt.myshopify.com/,info@petspawt.com,https://www.facebook.com/petspawt/,undefined,https://instagram.com/petspawt,undefined,undefined
42,https://pet-krewe.myshopify.com/,not provided,https://www.facebook.com/PetKrewe/,undefined,https://instagram.com/petkrewe/,https://twitter.com/petkrewe,https://www.pinterest.com/petkrewecostumes/
43,https://wellbredonline.myshopify.com/,info@wellbredonline.com,https://www.facebook.com/WellBred/,undefined,https://instagram.com/wellbredpets,undefined,undefined
44,http://rad-power-bikes.myshopify.com/,swiper@8.1.1,https://www.facebook.com/radpowerbikes,https://www.youtube.com/mikebikerad,https://instagram.com/radpowerbikes,https://twitter.com/RadPowerBikes,undefined
45,https://redbarn-shop.myshopify.com/,select2@4.1.0-beta.1/info@redbarn.com,https://www.facebook.com/redbarninc,undefined,https://instagram.com/redbarninc/,https://twitter.com/redbarninc,https://www.pinterest.com/redbarninc/
46,https://lifeline-pet-supplies.myshopify.com/,customerservice@lifelinepetsupplies.com,https://www.facebook.com/LifelinePetSupplies,https://www.youtube.com/channel/UCpJWQeHs28088024IvFKu9A/videos,https://instagram.com/LifelinePetSupplies,https://twitter.com/LifelinePet,undefined
47,https://solidgoldpets.myshopify.com/,dane@solidgoldpet.com,https://www.facebook.com/SolidGoldPet,https://www.youtube.com/channel/UC1dRZhoB1ItQ0NTlv9vwPcg,https://instagram.com/solidgoldpets,https://twitter.com/SolidGoldPets,https://www.pinterest.com/SolidGoldPets
48,http://caldwellspetsupply-com.myshopify.com/,evsuppliers@gmail.com,undefined,https://www.youtube.com/embed/F2IF3xqqBz4?rel=0&showinfo=0&vq=720,undefined,undefined,undefined
49,https://concord-pet-foods-supplies.myshopify.com/,not provided,https://www.facebook.com/concordpet/,https://www.youtube.com/watch?v=QouxPpCAgRI,https://instagram.com/concordpetfoods,https://twitter.com/ConcordPets,https://www.pinterest.com/concordpetfoods/
50,https://kopeks.myshopify.com/,not provided,undefined,https://www.youtube.com/player_api,undefined,undefined,undefined
51,https://tahoe-pet-station.myshopify.com/,not provided,https://www.facebook.com/YourLocalPetStation/?fref=ts&amp;ref=br_tf,undefined,https://instagram.com/localpetstation/,https://twitter.com/localpetstation,undefined
52,https://furlys-pet-supply.myshopify.com/,info@furlys.com,https://www.facebook.com/FurlysPetSupply/,https://www.youtube.com/iframe_api,https://instagram.com/furlyspetsupply/?hl=en,https://twitter.com/FurlysPetSupply,https://www.pinterest.com/furlyspetsupply/
53,https://showseasonproducts.myshopify.com/,not provided,https://www.facebook.com/bestdogshampoo,undefined,undefined,undefined,undefined
54,https://petroverusa.myshopify.com/,example@yourdomain.com/customerservice@petroverusa.com/support@simprosys.com,https://www.facebook.com/hpzpetrover,https://www.youtube.com/channel/UCZHbj4rEV5Dm6kEixirHIjg,https://instagram.com/petroverusa/,https://twitter.com/petroverusa,https://www.pinterest.com/petroverusa/
55,https://red-leaf-home.myshopify.com/,not provided,https://www.facebook.com/Red-Leaf-Home-105989505360174,undefined,https://instagram.com/redleafhome/,undefined,https://www.pinterest.com/js/pinit.js
56,https://shop-peanuts.myshopify.com/,customersupport@peanuts.store,undefined,undefined,undefined,undefined,undefined
57,https://abelpetsupply.myshopify.com/,not provided,https://www.facebook.com/abelpetsupply,undefined,https://instagram.com/abelpetsupply,https://twitter.com/widgets.js,https://www.pinterest.com/abelpetsupply
58,https://pet-essences.myshopify.com/,not provided,undefined,undefined,undefined,undefined,undefined
59,https://petroverusa.myshopify.com/,example@yourdomain.com/customerservice@petroverusa.com/support@simprosys.com,https://www.facebook.com/hpzpetrover,https://www.youtube.com/channel/UCZHbj4rEV5Dm6kEixirHIjg,https://instagram.com/petroverusa/,https://twitter.com/petroverusa,https://www.pinterest.com/petroverusa/
60,https://ken-caryl-pet-spa.myshopify.com/,info@kencarylpetspa.com,https://www.facebook.com/KenCarylPetSpa/,undefined,undefined,undefined,undefined
61,https://shop-hoover.myshopify.com/,support@hoover.com,https://www.facebook.com/hoover,https://www.youtube.com/hoover,https://instagram.com/hoover/?hl=en,undefined,https://www.pinterest.com/hooverus/_created/
62,https://petroverusa.myshopify.com/,example@yourdomain.com/customerservice@petroverusa.com/support@simprosys.com,https://www.facebook.com/hpzpetrover,https://www.youtube.com/channel/UCZHbj4rEV5Dm6kEixirHIjg,https://instagram.com/petroverusa/,https://twitter.com/petroverusa,https://www.pinterest.com/petroverusa/
63,https://healthy-pet-center.myshopify.com/,healthypetcenter775@yahoo.com,https://www.facebook.com/HealthyPetCenter,undefined,https://instagram.com/healthypetcenter,undefined,undefined
64,https://oxyfresh.myshopify.com/,smiles@oxyfresh.com,https://www.facebook.com/oxyfresh,https://www.youtube.com/c/OxyfreshWorldwideIncCoeurdAlene,https://instagram.com/oxyfresh,undefined,undefined
65,https://elm-pet-food.myshopify.com/,not provided,https://www.facebook.com/ElmPetFoods/,undefined,undefined,undefined,undefined
66,https://primalpetfood.myshopify.com/,not provided,https://www.facebook.com/primalpetfoods/,undefined,https://instagram.com/primalpetfoods/,https://twitter.com/PrimalPet,https://www.pinterest.com/primalpet/
67,https://thebalancedseed.myshopify.com/,info@lapet-isserie.com,https://www.facebook.com/LaPetisserieCPNJ/,undefined,https://instagram.com/lapet_isserie,https://twitter.com/LaPet_isserie,undefined
68,https://concord-pet-foods-supplies.myshopify.com/,not provided,https://www.facebook.com/concordpet/,https://www.youtube.com/watch?v=QouxPpCAgRI,https://instagram.com/concordpetfoods,https://twitter.com/ConcordPets,https://www.pinterest.com/concordpetfoods/
69,http://portland-pet-food-company.myshopify.com/,support@portlandpetfoodcompany.com,https://www.facebook.com/portlandpetfood,undefined,https://instagram.com/portlandpetfood/,https://twitter.com/portlandpetfood/,undefined
70,https://campbell-pet-company.myshopify.com/,info@campbellpet.com,https://www.facebook.com/Campbell-Pet-Company-459334464145077,https://www.youtube.com/user/CampbellPetCo,undefined,undefined,undefined
71,https://sun-god-medicinals.myshopify.com/,not provided,https://www.facebook.com/SGMherbal,undefined,https://instagram.com/sungodmeds,https://twitter.com/SunGodMeds,https://www.pinterest.com/sungodmeds
72,https://megamazonusa.myshopify.com/,contact@petsocietyusa.com/info@adanfopa.com/robertraviv@gmail.com/asiakaspalvelu@roppi.fi/myke@sdgroomingacademy.com/customerservice@lovegroomers.com/servicioalcliente@gabrica.com.co/central@centralinsumos.com.bo/servicioalcliente@gabrica.cl/ventas1@fullpet.cl/oficina@codenor.com.uy/consultas@agrofield.com.py/geral.vetin@gmail.com/academy@emiliadiaz.com/info@transgroom.com/enquiries@redcape.co.uk/michael@petland.com.tw/pet@petexjapan.com/info@brideasagl.com/info@dgsimports.com.au/gabrica.clientes@gabrica.com.pe/info@shinypet.net/produtospetmex@gmail.com/support@frankroweandson.com,https://www.facebook.com/petsocietyusa,undefined,https://instagram.com/hydra_usa,undefined,undefined
73,https://glennsmarket-com.myshopify.com/,glenns@glennsmarket.com,https://www.facebook.com/Glenns-Market-Catering-116422955039921,undefined,undefined,https://twitter.com/GlennsMarket,undefined
74,https://petoga.myshopify.com/,joe@example.com/jan.novak@server.cz/joe@voorbeeld.com/peter@beispielemai.de/kisjanos@pelda.hu/mariorossi@esempio.it/joe@eksempel.com/ula@gmail.com,https://www.facebook.com/alfiepet/,undefined,https://instagram.com/alfiepet/,undefined,https://www.pinterest.com/alfie_pet
75,https://shop-dirtdevil.myshopify.com/,support@dirtdevil.com,https://www.facebook.com/dirtdevil,https://www.youtube.com/channel/UCWz6HkPpkbK9bXn9YrFum9w,https://instagram.com/dirtdevil/,https://twitter.com/dirtdevil,https://www.pinterest.com/DirtDevilUSA/_created/
76,https://glennsmarket-com.myshopify.com/,glenns@glennsmarket.com,https://www.facebook.com/Glenns-Market-Catering-116422955039921,undefined,undefined,https://twitter.com/GlennsMarket,undefined
77,https://petroverusa.myshopify.com/,example@yourdomain.com/customerservice@petroverusa.com/support@simprosys.com,https://www.facebook.com/hpzpetrover,https://www.youtube.com/channel/UCZHbj4rEV5Dm6kEixirHIjg,https://instagram.com/petroverusa/,https://twitter.com/petroverusa,https://www.pinterest.com/petroverusa/
78,https://pet-pro-supply-co.myshopify.com/,cs@petprosupplyco.com,https://www.facebook.com/petprosupplyco,https://www.youtube.com/PetProSupplyCo,https://instagram.com/petprosupplyco,https://twitter.com/PetProSupplyCo,https://www.pinterest.com/petprosupplyco/
79,https://tahoe-pet-station.myshopify.com/,not provided,https://www.facebook.com/YourLocalPetStation/?fref=ts&amp;ref=br_tf,undefined,https://instagram.com/localpetstation/,https://twitter.com/localpetstation,undefined
80,https://dannermfg.myshopify.com/, customerservice@dannermfg.com,https://www.facebook.com/dannermfg,https://www.youtube.com/user/dannermfg/videos,https://instagram.com/dannermfg/,https://twitter.com/dannermfg,undefined
81,https://alencorp-2.myshopify.com/,not provided,https://www.facebook.com/AlenAirPurifiers/,https://www.youtube.com/c/AlenAirPurifiers,https://instagram.com/alenairpurifiers/,https://twitter.com/AlenPurifiers,https://www.pinterest.com/AlenAirPurifiers/_shop/
82,https://thefurzappers.myshopify.com/,your-email@example.com,https://www.facebook.com/FurZapper/,https://www.youtube.com/channel/UCMgtxlF1rKD1aO-9UCUq-2w,https://instagram.com/furzapper/,https://twitter.com/furzapper,undefined
83,https://petroverusa.myshopify.com/,example@yourdomain.com/customerservice@petroverusa.com/support@simprosys.com,https://www.facebook.com/hpzpetrover,https://www.youtube.com/channel/UCZHbj4rEV5Dm6kEixirHIjg,https://instagram.com/petroverusa/,https://twitter.com/petroverusa,https://www.pinterest.com/petroverusa/
84,https://nj-pet-supply.myshopify.com/,info@njpetsupply.com,https://www.facebook.com/njpetsupply,undefined,https://instagram.com/njpetsupply,undefined,undefined
85,https://the-barker-pet.myshopify.com/,info@thebarkerpet.com,https://www.facebook.com/The-Barker-1353638804742664/,undefined,https://instagram.com/thebarkerpet/,undefined,undefined
86,https://petroverusa.myshopify.com/,example@yourdomain.com/customerservice@petroverusa.com/support@simprosys.com,https://www.facebook.com/hpzpetrover,https://www.youtube.com/channel/UCZHbj4rEV5Dm6kEixirHIjg,https://instagram.com/petroverusa/,https://twitter.com/petroverusa,https://www.pinterest.com/petroverusa/
87,https://shop-hoover.myshopify.com/,support@hoover.com,https://www.facebook.com/hoover,https://www.youtube.com/hoover,https://instagram.com/hoover/?hl=en,undefined,https://www.pinterest.com/hooverus/_created/
88,https://upcountry-gourmet.myshopify.com/,brooks@upcountrygourmet.com,https://www.facebook.com/UpCountry-Gourmet-Products,undefined,https://instagram.com/brooksbroth/,undefined,undefined
89,https://primalpetfood.myshopify.com/,not provided,https://www.facebook.com/primalpetfoods/,undefined,https://instagram.com/primalpetfoods/,https://twitter.com/PrimalPet,https://www.pinterest.com/primalpet/
90,https://furhavenstore.myshopify.com/,support@starapps.studio/lazyload@2.0.0-rc.2/service@furhaven.com,https://www.facebook.com/FurhavenPetProducts/,undefined,https://instagram.com/furhavenpetproducts/,https://twitter.com/furhavenpet,https://www.pinterest.com/furhavenpet/
91,https://shop-dirtdevil.myshopify.com/,support@dirtdevil.com,https://www.facebook.com/dirtdevil,https://www.youtube.com/channel/UCWz6HkPpkbK9bXn9YrFum9w,https://instagram.com/dirtdevil/,https://twitter.com/dirtdevil,https://www.pinterest.com/DirtDevilUSA/_created/
92,https://owners-shop-bobsweep-intelligent-floor-cleaner.myshopify.com/,not provided,https://www.facebook.com/bObsweep/,https://www.youtube.com/user/bobsweep,https://instagram.com/bobsweep/,https://twitter.com/bobsweep,undefined
93,https://fred-friends.myshopify.com/,global@fredandfriends.com,undefined,undefined,undefined,undefined,undefined
94,https://applied-biophysics-inc.myshopify.com/,not provided,undefined,undefined,undefined,undefined,undefined
95,https://applied-biophysics-inc.myshopify.com/,not provided,undefined,undefined,undefined,undefined,undefined
96,https://applied-biophysics-inc.myshopify.com/,not provided,undefined,undefined,undefined,undefined,undefined
97,https://campbell-pet-company.myshopify.com/,info@campbellpet.com,https://www.facebook.com/Campbell-Pet-Company-459334464145077,https://www.youtube.com/user/CampbellPetCo,undefined,undefined,undefined
98,http://infinitepetlife.myshopify.com/,hello@infinitepetlife.com,https://www.facebook.com/InfinitePetSupplements/,https://www.youtube.com/channel/UCgVKJjHy_dr-OykEYnPNrtg,https://instagram.com/infinite_pet_life/?hl=en,undefined,undefined
99,https://owners-shop-bobsweep-intelligent-floor-cleaner.myshopify.com/,not provided,https://www.facebook.com/bObsweep/,https://www.youtube.com/user/bobsweep,https://instagram.com/bobsweep/,https://twitter.com/bobsweep,undefined
101,https://upcountry-gourmet.myshopify.com/,brooks@upcountrygourmet.com,https://www.facebook.com/UpCountry-Gourmet-Products,undefined,https://instagram.com/brooksbroth/,undefined,undefined
102,https://my-pet-skeleton.myshopify.com/,vincent@mypetskeleton.com,https://www.facebook.com/theartofmypetskeleton,undefined,https://instagram.com/theartofmypetskeleton,https://twitter.com/mypetskeleton,https://www.pinterest.com/pin/create/button/?url=https://my-pet-skeleton.myshopify.com/products/house-on-the-hill-exclusive-limited-edition&amp;media=//cdn.shopify.com/s/files/1/1079/5578/products/hha_2e6131dd-a515-4f30-92f8-6955305e6d3d_1024x1024.jpg?v=1523912782&amp;description=%22House%20on%20the%20Hill%22%20Exclusive%20Limited%20Edition
103,https://skouts.myshopify.com/,info@skoutshonor.com/jenny@skoutshonor.com,https://www.facebook.com/skoutshonorpet,https://www.youtube.com/channel/UCatg9Ue6jAmy9CGTnZQTRtw,https://instagram.com/skoutshonor,https://twitter.com/skoutshonorpet,https://www.pinterest.com/skoutshonor
104,http://equipt4-llc.myshopify.com/,support@petfitforlife.com,https://www.facebook.com/facebook,undefined,https://instagram.com/petfitforlife/,https://twitter.com/widgets.js,undefined
105,https://walking-palm-pet.myshopify.com/,admin@walkingpalm.com,https://www.facebook.com/walkingpalmpet/,https://www.youtube.com/embed/ual3qq8DOJo?autoplay=0&showinfo=0&controls=0&rel=0,https://instagram.com/walkingpalm/,https://twitter.com/walkingpalmpet,undefined
106,https://chagrin-pet-garden-and-power-equipment.myshopify.com/,info@chagrinoutdoors.com,https://www.facebook.com/chagrinpet/,undefined,https://instagram.com/chagrinpetandgarden/,undefined,undefined
107,https://creaproducts-inc.myshopify.com/,not provided,https://www.facebook.com/CreaProducts/,https://www.youtube.com/embed/P15tRtZgNRY?origin=https://plyr.io&amp;iv_load_policy=3&amp;modestbranding=1&amp;playsinline=1&amp;showinfo=0&amp;rel=0&amp;enablejsapi=1,https://instagram.com/creaproducts,undefined,undefined
108,https://animart-pet-stores-inc.myshopify.com/,not provided,https://www.facebook.com/AnimartPetStoreMadison,https://www.youtube.com/user/AnimartPet,https://instagram.com/explore/locations/6243258/,https://twitter.com/animartpetstore,undefined
109,https://pet-x-supplies-tack.myshopify.com/,info@mypetx.com,https://www.facebook.com/MyPetX/,undefined,https://instagram.com/pet_x_supplies_and_tack/,https://twitter.com/MyPetX,undefined
110,https://lucky-pet-2.myshopify.com/,sales@luckypet.com,https://www.facebook.com/luckypetpettags,undefined,undefined,https://twitter.com/luckypetpettags,undefined
111,https://applied-biophysics-inc.myshopify.com/,not provided,undefined,undefined,undefined,undefined,undefined
112,https://iris-usa-inc.myshopify.com/,not provided,https://www.facebook.com/irisusa/,https://www.youtube.com/channel/UCDaMYGDw64hHApGQDF_o00w,https://instagram.com/irisusa/,https://twitter.com/irisusainc?s=20,https://www.pinterest.com/irisusainc/_created/
113,https://siesta-spirits.myshopify.com/,not provided,undefined,undefined,undefined,undefined,undefined
114,https://1818-farms.myshopify.com/,info@1818farms.com,https://www.facebook.com/1818farms,https://www.youtube.com/user/the1818farms,https://instagram.com/1818farms,https://twitter.com/1818farms,https://www.pinterest.com/1818farms
115,https://applied-biophysics-inc.myshopify.com/,not provided,undefined,undefined,undefined,undefined,undefined
116,https://bionic-pets.myshopify.com/,info@bionicpets.org,undefined,undefined,undefined,undefined,undefined
117,https://petroverusa.myshopify.com/,example@yourdomain.com/customerservice@petroverusa.com/support@simprosys.com,https://www.facebook.com/hpzpetrover,https://www.youtube.com/channel/UCZHbj4rEV5Dm6kEixirHIjg,https://instagram.com/petroverusa/,https://twitter.com/petroverusa,https://www.pinterest.com/petroverusa/
118,https://upcountry-gourmet.myshopify.com/,brooks@upcountrygourmet.com,https://www.facebook.com/UpCountry-Gourmet-Products,undefined,https://instagram.com/brooksbroth/,undefined,undefined
119,https://highfallshempny.myshopify.com/,support@starapps.studio/rebekah@fifteen-media.com,https://www.facebook.com/HighFallsHemp/,undefined,https://instagram.com/HighFallsHemp/,undefined,undefined
120,https://choice-pet.myshopify.com/,customerservice@choicepet.com,https://www.facebook.com/ChoicePet/,https://www.youtube.com/watch?v=z5xesEfoZVE,https://instagram.com/explore/tags/choicepet/,https://twitter.com/choice_pet,undefined
121,https://campbell-pet-company.myshopify.com/,info@campbellpet.com,https://www.facebook.com/Campbell-Pet-Company-459334464145077,https://www.youtube.com/user/CampbellPetCo,undefined,undefined,undefined
122,https://allergystore-com.myshopify.com/,example@mail.com/user@example.com,undefined,undefined,undefined,undefined,undefined
123,https://gracies-doggie-delights.myshopify.com/,gracie@graciesdoggiedelights.com,https://www.facebook.com/GraciesDoggieDelights/,undefined,https://instagram.com/gdogdelights/,https://twitter.com/gdogdlites,https://www.pinterest.com/GDogDelights/
124,https://petroverusa.myshopify.com/,example@yourdomain.com/customerservice@petroverusa.com/support@simprosys.com,https://www.facebook.com/hpzpetrover,https://www.youtube.com/channel/UCZHbj4rEV5Dm6kEixirHIjg,https://instagram.com/petroverusa/,https://twitter.com/petroverusa,https://www.pinterest.com/petroverusa/
125,http://tecatu.myshopify.com/,tecatu@gmail.com,https://www.facebook.com/tecatu,undefined,https://instagram.com/TecaTuSantaFe,https://twitter.com/TecaTuSantaFe,undefined
126,https://pets-barn.myshopify.com/,contactus@petsbarn.com,https://www.facebook.com/petsbarnstore/,undefined,https://instagram.com/petsbarn/,https://twitter.com/petsbarnstore,undefined
127,https://applied-biophysics-inc.myshopify.com/,not provided,undefined,undefined,undefined,undefined,undefined
128,https://petfusion.myshopify.com/,not provided,https://www.facebook.com/PetFusion/,https://www.youtube.com/channel/UCREDPh8CHEgrfIoYfeV3RVA,https://instagram.com/petfusion,https://twitter.com/pet_fusion,undefined
129,https://pet-wellness-direct.myshopify.com/,support@petwellnessdirect.com,https://www.facebook.com/petwellnessdirect,https://www.youtube.com/channel/UCYkAcEKkop-bMmRojetjeVQ,https://instagram.com/petwellnessdirect/,undefined,undefined
130,https://friendsheepwool.myshopify.com/,hello@friendsheepwool.com,https://www.facebook.com/friendsheepwool,https://www.youtube.com/friendsheepwool,https://instagram.com/friendsheepwool,https://twitter.com/friendsheepwool,https://www.pinterest.com/friendsheepwool
131,http://petmagasin.myshopify.com/,support@petmagasin.zendesk.com,https://www.facebook.com/PETMAGASIN,undefined,https://instagram.com/PETMAGASIN,https://twitter.com/PETMAGASIN,https://www.pinterest.com/PETMAGASIN
132,https://choice-pet.myshopify.com/,customerservice@choicepet.com,https://www.facebook.com/ChoicePet/,https://www.youtube.com/watch?v=z5xesEfoZVE,https://instagram.com/explore/tags/choicepet/,https://twitter.com/choice_pet,undefined
133,http://pet-memorial-services.myshopify.com/,not provided,https://www.facebook.com/PetMemorialServicesPA,undefined,undefined,https://twitter.com/widgets.js,undefined
134,https://owners-shop-bobsweep-intelligent-floor-cleaner.myshopify.com/,not provided,https://www.facebook.com/bObsweep/,https://www.youtube.com/user/bobsweep,https://instagram.com/bobsweep/,https://twitter.com/bobsweep,undefined
135,https://nootie-pet.myshopify.com/,not provided,undefined,undefined,undefined,undefined,undefined
136,https://petoga.myshopify.com/,joe@example.com/jan.novak@server.cz/joe@voorbeeld.com/peter@beispielemai.de/kisjanos@pelda.hu/mariorossi@esempio.it/joe@eksempel.com/ula@gmail.com,https://www.facebook.com/alfiepet/,undefined,https://instagram.com/alfiepet/,undefined,https://www.pinterest.com/alfie_pet
137,https://emmys-best.myshopify.com/,support@emmysbestpets.com,https://www.facebook.com/shopify,undefined,https://instagram.com/shopify,https://twitter.com/shopify,https://www.pinterest.com/shopify
138,https://applied-biophysics-inc.myshopify.com/,not provided,undefined,undefined,undefined,undefined,undefined
139,https://choice-pet.myshopify.com/,customerservice@choicepet.com,https://www.facebook.com/ChoicePet/,https://www.youtube.com/watch?v=z5xesEfoZVE,https://instagram.com/explore/tags/choicepet/,https://twitter.com/choice_pet,undefined
140,http://portland-pet-food-company.myshopify.com/,support@portlandpetfoodcompany.com,https://www.facebook.com/portlandpetfood,undefined,https://instagram.com/portlandpetfood/,https://twitter.com/portlandpetfood/,undefined
141,https://pure-and-natural-pet.myshopify.com/,info@pureandnatural.com,https://www.facebook.com/pureandnaturalpets/,undefined,https://instagram.com/pureandnaturalpet/,https://twitter.com/Purenaturalpet,https://www.pinterest.com/pureandnaturalpet/
142,https://petroverusa.myshopify.com/,example@yourdomain.com/customerservice@petroverusa.com/support@simprosys.com,https://www.facebook.com/hpzpetrover,https://www.youtube.com/channel/UCZHbj4rEV5Dm6kEixirHIjg,https://instagram.com/petroverusa/,https://twitter.com/petroverusa,https://www.pinterest.com/petroverusa/
143,https://our-pet-card.myshopify.com/,contact@ourpetcard.com,https://www.facebook.com/ourpetcard,undefined,https://instagram.com/ourpetcard,undefined,https://www.pinterest.com/ourpetcard
144,https://petrev.myshopify.com/,username@example.com/smile@petrevolution.us/your-email@example.com,https://www.facebook.com/PetRevolutionUS,undefined,https://instagram.com/_petrevolution_/,undefined,https://www.pinterest.com/petrevolutionUS/
145,https://homescape-world-pets.myshopify.com/,hello@homescapepets.com,https://www.facebook.com/homescapepets,undefined,https://instagram.com/homescapepets,undefined,https://www.pinterest.com/homescapepets
146,https://petwell-supply.myshopify.com/,info@petwellsupply.com,undefined,https://www.youtube.com/iframe_api,undefined,undefined,undefined
147,https://pets-barn.myshopify.com/,contactus@petsbarn.com,https://www.facebook.com/petsbarnstore/,undefined,https://instagram.com/petsbarn/,https://twitter.com/petsbarnstore,undefined
148,https://the-native-pet.myshopify.com/,not provided,https://www.facebook.com/Native-Pet-1708986049410202/,https://www.youtube.com/channel/UC9utEsG-PpbUEk62gXlEf1g/featured,https://instagram.com/thenativepet/,https://twitter.com/shopify,https://www.pinterest.com/thenativepet
149,https://1818-farms.myshopify.com/,info@1818farms.com,https://www.facebook.com/1818farms,https://www.youtube.com/user/the1818farms,https://instagram.com/1818farms,https://twitter.com/1818farms,https://www.pinterest.com/1818farms
150,https://redbarn-shop.myshopify.com/,select2@4.1.0-beta.1/info@redbarn.com,https://www.facebook.com/redbarninc,undefined,https://instagram.com/redbarninc/,https://twitter.com/redbarninc,https://www.pinterest.com/redbarninc/
151,https://ipphl.myshopify.com/,email@example.com,https://www.facebook.com/kriserspets/,undefined,https://instagram.com/kriserspets/?hl=en,undefined,undefined
152,https://bubbas-rowdy-friends-pet-supply-company.myshopify.com/,not provided,https://www.facebook.com/BubbasVIPClub/,https://www.youtube.com/user/BubbasRowdyFriends,https://instagram.com/bubbasrowdyfriends/,https://twitter.com/BiostarLabs,undefined
153,https://nulo-pet-food.myshopify.com/,slick-carousel@1.8.1,https://www.facebook.com/nulopetfood/,undefined,https://instagram.com/nulopetfood/,https://twitter.com/nulopetfood,https://www.pinterest.com/nulopetfood/_shop/
154,http://bestchoiceproducts.myshopify.com/,help@bestchoiceproducts.com/algoliasearch@4.5.1/instantsearch.js@4.8.3/hogan.js@3.0.2/autocomplete.js@0.37.1/search-insights@1.6.3/support@simprosys.com/alpinejs@3.10.2,https://www.facebook.com/bcproducts,https://www.youtube.com/bestchoiceproducts,https://instagram.com/bcproducts,https://twitter.com/bcproducts,https://www.pinterest.com/bcproducts/?eq=best%20choice%20products&etslf=6663
155,https://furbo-dog-camera.myshopify.com/,support@furbo.com,https://www.facebook.com/furboDogCamera/,https://www.youtube.com/channel/UCAnXvlbFUu6T8M0Pe_G0nTg,https://instagram.com/furbodogcamera/,undefined,undefined
156,https://29-bridges-studio.myshopify.com/,email@example.com,https://www.facebook.com/29bridgesstudio/,undefined,https://instagram.com/v1/users/self/media/recent/?access_token=' + accessToken + '&count=20';        $container.find('.box').hide();        $.ajax({          url: apiURL;          dataType: ,undefined,undefined
157,https://pet-krewe.myshopify.com/,not provided,https://www.facebook.com/PetKrewe/,undefined,https://instagram.com/petkrewe/,https://twitter.com/petkrewe,https://www.pinterest.com/petkrewecostumes/
158,https://chuckanddonsdev.myshopify.com/,email@example.com/info@chuckanddons.com,https://www.facebook.com/ChuckAndDons/,undefined,https://instagram.com/chuck_and_dons/,undefined,undefined
159,https://schoolgirl-style.myshopify.com/,customerservice@schoolgirlstyle.com/schoolgirlstyle@gmail.com,https://www.facebook.com/schoolgirlstyledecor/,https://www.youtube.com/channel/UCKe1Rh72xwhUnt49x8Lc37A?view_as=subscriber,https://instagram.com/schoolgirlstyle/,undefined,https://www.pinterest.com/schoolgirlstyle/_shop/
160,https://allpawspetproducts2.myshopify.com/,allpawspetproducts@outlook.com,https://www.facebook.com/allpawspetproducts2/,undefined,undefined,undefined,undefined
161,https://owners-shop-bobsweep-intelligent-floor-cleaner.myshopify.com/,not provided,https://www.facebook.com/bObsweep/,https://www.youtube.com/user/bobsweep,https://instagram.com/bobsweep/,https://twitter.com/bobsweep,undefined
162,https://petdoors-com.myshopify.com/,customerservice@petdoors.com,https://www.facebook.com/americasfinestpetdoors,https://www.youtube.com/user/EverythingPetDoors,https://instagram.com/petdoors,undefined,undefined
163,https://the-barker-pet.myshopify.com/,info@thebarkerpet.com,https://www.facebook.com/The-Barker-1353638804742664/,undefined,https://instagram.com/thebarkerpet/,undefined,undefined
164,https://green-pet-shop.myshopify.com/,customerservice@thegreenpetshop.com,https://www.facebook.com/TheGreenPetShop,undefined,https://instagram.com/thegreenpetshop,https://twitter.com/TheGreenPetShop,https://www.pinterest.com/thegreenpetshop/
165,https://redbarn-shop.myshopify.com/,select2@4.1.0-beta.1/info@redbarn.com,https://www.facebook.com/redbarninc,undefined,https://instagram.com/redbarninc/,https://twitter.com/redbarninc,https://www.pinterest.com/redbarninc/
166,https://nickel-city-pet-pantry.myshopify.com/,info@nickelcitypetpantry.com,https://www.facebook.com/nickelcitypets,undefined,https://instagram.com/nickelcitypets,undefined,https://www.pinterest.com/nickelcitypets
167,https://digital-extremes.myshopify.com/,not provided,undefined,undefined,undefined,undefined,undefined
168,https://fluentpet-eu.myshopify.com/,not provided,undefined,https://www.youtube.com/c/FluentPet,https://instagram.com/fluentpet/,https://twitter.com/fluentpet,undefined
169,https://pop-your-pup.myshopify.com/,not provided,https://www.facebook.com/popyourpup,undefined,https://instagram.com/popyourpup,https://twitter.com/popyourpup,https://www.pinterest.com/popyourpup
170,https://furry-friends-3.myshopify.com/,info@furryfriendsinc.com,undefined,undefined,undefined,undefined,undefined
171,https://redbarn-shop.myshopify.com/,select2@4.1.0-beta.1/info@redbarn.com,https://www.facebook.com/redbarninc,undefined,https://instagram.com/redbarninc/,https://twitter.com/redbarninc,https://www.pinterest.com/redbarninc/
172,https://siphiphooray.myshopify.com/,shop@siphiphooray.com,https://www.facebook.com/siphiphooray,undefined,https://instagram.com/siphiphooray,https://twitter.com/siphiphooray,https://www.pinterest.com/siphiphooray
173,https://breeding-cage.myshopify.com/,info@breedingcage.com,https://www.facebook.com/mark.schack.7,undefined,https://instagram.com/breedingcage/,https://twitter.com/Lights4Birds,undefined
174,https://bestpetnz.myshopify.com/,support@bestpet.com.au,https://www.facebook.com/bestpetsintheworld/,undefined,https://instagram.com/best_pet_instaworld/,undefined,undefined
175,https://testdatapets.myshopify.com/,orders@petlink.net,undefined,undefined,undefined,undefined,undefined
176,https://owners-shop-bobsweep-intelligent-floor-cleaner.myshopify.com/,not provided,https://www.facebook.com/bObsweep/,https://www.youtube.com/user/bobsweep,https://instagram.com/bobsweep/,https://twitter.com/bobsweep,undefined
177,https://nsdayton.myshopify.com/,info@nsdayton.com,https://www.facebook.com/NaturesSelectDayton,https://www.youtube.com/channel/UCyoRYIZl4hrVsvyr6FGQx4g,https://instagram.com/naturesselectpetfood/,https://twitter.com/widgets.js,https://www.pinterest.com/naturesselectpet/
178,https://choice-pet.myshopify.com/,customerservice@choicepet.com,https://www.facebook.com/ChoicePet/,https://www.youtube.com/watch?v=z5xesEfoZVE,https://instagram.com/explore/tags/choicepet/,https://twitter.com/choice_pet,undefined
179,https://kona-benellie.myshopify.com/,not provided,https://www.facebook.com/konabenellie,https://www.youtube.com/konabenellie,https://instagram.com/konabenellie,https://twitter.com/konabenellie,https://www.pinterest.com/konabenellie
180,https://bancroft-pet-shop.myshopify.com/,not provided,https://www.facebook.com/ShoreThingPetSupply/,undefined,https://instagram.com/shorethingpetsupply,undefined,undefined
181,https://breeding-cage.myshopify.com/,info@breedingcage.com,https://www.facebook.com/mark.schack.7,undefined,https://instagram.com/breedingcage/,https://twitter.com/Lights4Birds,undefined
182,https://green-pet-shop.myshopify.com/,customerservice@thegreenpetshop.com,https://www.facebook.com/TheGreenPetShop,undefined,https://instagram.com/thegreenpetshop,https://twitter.com/TheGreenPetShop,https://www.pinterest.com/thegreenpetshop/
183,https://vanderpump-pets.myshopify.com/,info@vanderpumppets.com,https://www.facebook.com/VanderpumpPets/,undefined,https://instagram.com/vanderpumppets/?hl=en,undefined,undefined
184,http://pet-wellbeing-redesign.myshopify.com/,customerservice@petwellbeing.com,https://www.facebook.com/PetWellBeing,https://www.youtube.com/c/Petwellbeing,https://instagram.com/pet_wellbeing/,https://twitter.com/PetWellbeing,undefined
185,https://applied-biophysics-inc.myshopify.com/,not provided,undefined,undefined,undefined,undefined,undefined
186,https://2pets-shop.myshopify.com/,not provided,https://www.facebook.com/2petsupplies/,undefined,https://instagram.com/2petsupplies/,undefined,undefined
187,https://applied-biophysics-inc.myshopify.com/,not provided,undefined,undefined,undefined,undefined,undefined
188,https://the-native-pet.myshopify.com/,not provided,https://www.facebook.com/Native-Pet-1708986049410202/,https://www.youtube.com/channel/UC9utEsG-PpbUEk62gXlEf1g/featured,https://instagram.com/thenativepet/,https://twitter.com/shopify,https://www.pinterest.com/thenativepet
189,https://the-barker-pet.myshopify.com/,info@thebarkerpet.com,https://www.facebook.com/The-Barker-1353638804742664/,undefined,https://instagram.com/thebarkerpet/,undefined,undefined
190,https://930-club.myshopify.com/,not provided,undefined,undefined,undefined,undefined,undefined
191,https://choice-pet.myshopify.com/,customerservice@choicepet.com,https://www.facebook.com/ChoicePet/,https://www.youtube.com/watch?v=z5xesEfoZVE,https://instagram.com/explore/tags/choicepet/,https://twitter.com/choice_pet,undefined
192,https://equipt4-llc.myshopify.com/,support@petfitforlife.com,https://www.facebook.com/facebook,undefined,https://instagram.com/petfitforlife/,https://twitter.com/widgets.js,undefined
193,https://jackson-bros-feed.myshopify.com/,jackson_bros@yahoo.com,https://www.facebook.com/jackson.bros.7/,https://www.youtube.com/embed/RUoR6L68ZP8?rel=0&showinfo=0&vq=720,undefined,undefined,undefined
194,https://owners-shop-bobsweep-intelligent-floor-cleaner.myshopify.com/,not provided,https://www.facebook.com/bObsweep/,https://www.youtube.com/user/bobsweep,https://instagram.com/bobsweep/,https://twitter.com/bobsweep,undefined
195,https://primalpetfood.myshopify.com/,not provided,https://www.facebook.com/primalpetfoods/,undefined,https://instagram.com/primalpetfoods/,https://twitter.com/PrimalPet,https://www.pinterest.com/primalpet/
196,https://concord-pet-foods-supplies.myshopify.com/,not provided,https://www.facebook.com/concordpet/,https://www.youtube.com/watch?v=QouxPpCAgRI,https://instagram.com/concordpetfoods,https://twitter.com/ConcordPets,https://www.pinterest.com/concordpetfoods/
197,https://stanley-rx.myshopify.com/,not provided,undefined,undefined,undefined,undefined,undefined
198,https://oakwood-us.myshopify.com/,info@oakwoodus.com,https://www.facebook.com/OakwoodUS/,undefined,https://instagram.com/oakwoodpetsco/,https://twitter.com/OakwoodUs,undefined
199,https://heartypet.myshopify.com/,customerservice@heartypet.com,https://www.facebook.com/HeartyPetRetail/,undefined,undefined,https://twitter.com/HeartyPet,undefined
200,https://printypet.myshopify.com/,swiper@6.5.9,https://www.facebook.com/printypets,undefined,https://instagram.com/printypets,undefined,undefined
201,http://pet-wellbeing-redesign.myshopify.com/,customerservice@petwellbeing.com,https://www.facebook.com/PetWellBeing,https://www.youtube.com/c/Petwellbeing,https://instagram.com/pet_wellbeing/,https://twitter.com/PetWellbeing,undefined
202,https://applied-biophysics-inc.myshopify.com/,not provided,undefined,undefined,undefined,undefined,undefined
203,https://equipt4-llc.myshopify.com/,support@petfitforlife.com,https://www.facebook.com/facebook,undefined,https://instagram.com/petfitforlife/,https://twitter.com/widgets.js,undefined
204,https://2pets-shop.myshopify.com/,not provided,https://www.facebook.com/2petsupplies/,undefined,https://instagram.com/2petsupplies/,undefined,undefined
205,https://prive-pet.myshopify.com/,shellashopify2018@gmail.com,https://www.facebook.com/privepet/,https://www.youtube.com/channel/UCVJfUsqMVr-Wcjel4M6-qrg,https://instagram.com/privepet/,https://twitter.com/privetpet,https://www.pinterest.com/Privepet811/
206,https://applied-biophysics-inc.myshopify.com/,not provided,undefined,undefined,undefined,undefined,undefined
207,https://testdatapets.myshopify.com/,orders@petlink.net,undefined,undefined,undefined,undefined,undefined
208,https://the-native-pet.myshopify.com/,not provided,https://www.facebook.com/Native-Pet-1708986049410202/,https://www.youtube.com/channel/UC9utEsG-PpbUEk62gXlEf1g/featured,https://instagram.com/thenativepet/,https://twitter.com/shopify,https://www.pinterest.com/thenativepet
209,https://the-barker-pet.myshopify.com/,info@thebarkerpet.com,https://www.facebook.com/The-Barker-1353638804742664/,undefined,https://instagram.com/thebarkerpet/,undefined,undefined
210,https://930-club.myshopify.com/,not provided,undefined,undefined,undefined,undefined,undefined
211,https://equipt4-llc.myshopify.com/,support@petfitforlife.com,https://www.facebook.com/facebook,undefined,https://instagram.com/petfitforlife/,https://twitter.com/widgets.js,undefined
212,https://jackson-bros-feed.myshopify.com/,jackson_bros@yahoo.com,https://www.facebook.com/jackson.bros.7/,https://www.youtube.com/embed/RUoR6L68ZP8?rel=0&showinfo=0&vq=720,undefined,undefined,undefined
213,https://owners-shop-bobsweep-intelligent-floor-cleaner.myshopify.com/,not provided,https://www.facebook.com/bObsweep/,https://www.youtube.com/user/bobsweep,https://instagram.com/bobsweep/,https://twitter.com/bobsweep,undefined
214,https://primalpetfood.myshopify.com/,not provided,https://www.facebook.com/primalpetfoods/,undefined,https://instagram.com/primalpetfoods/,https://twitter.com/PrimalPet,https://www.pinterest.com/primalpet/
215,https://concord-pet-foods-supplies.myshopify.com/,not provided,https://www.facebook.com/concordpet/,https://www.youtube.com/watch?v=QouxPpCAgRI,https://instagram.com/concordpetfoods,https://twitter.com/ConcordPets,https://www.pinterest.com/concordpetfoods/
216,https://oakwood-us.myshopify.com/,info@oakwoodus.com,https://www.facebook.com/OakwoodUS/,undefined,https://instagram.com/oakwoodpetsco/,https://twitter.com/OakwoodUs,undefined
217,https://heartypet.myshopify.com/,customerservice@heartypet.com,https://www.facebook.com/HeartyPetRetail/,undefined,undefined,https://twitter.com/HeartyPet,undefined
218,https://printypet.myshopify.com/,swiper@6.5.9,https://www.facebook.com/printypets,undefined,https://instagram.com/printypets,undefined,undefined
219,https://mission-driven-goods.myshopify.com/,missiondriveninfo@gmail.com,https://www.facebook.com/MissionDrivenGoods/,https://www.youtube.com/channel/UC7NDv9PnlG-JI9KD76Ogw7w,https://instagram.com/mission_driven_goods/,undefined,https://www.pinterest.com/mission_driven_goods
220,https://choice-pet.myshopify.com/,customerservice@choicepet.com,https://www.facebook.com/ChoicePet/,https://www.youtube.com/watch?v=z5xesEfoZVE,https://instagram.com/explore/tags/choicepet/,https://twitter.com/choice_pet,undefined
221,https://milk-pet-foods.myshopify.com/,hello@milkpetfoods.com,https://www.facebook.com/milkpetfoods,undefined,https://instagram.com/milkpetfoodz,https://twitter.com/milkpetfoods,undefined
222,https://pet-retail-world.myshopify.com/,hello@petretailworld.com,https://www.facebook.com/petretailworld,https://www.youtube.com/c/PetRetailWorld,https://instagram.com/petretailworld,undefined,undefined
223,https://the-vacaville-pet-shop.myshopify.com/,not provided,https://www.facebook.com/thepetshopvacaville/,https://www.youtube.com/channel/UCYjF2LZEiWO9ZvPYARDXwZw?view_as=subscriber,https://instagram.com/thepetshop707,https://twitter.com/thepetshop707,undefined
224,https://owners-shop-bobsweep-intelligent-floor-cleaner.myshopify.com/,not provided,https://www.facebook.com/bObsweep/,https://www.youtube.com/user/bobsweep,https://instagram.com/bobsweep/,https://twitter.com/bobsweep,undefined
225,https://presidiopet.myshopify.com/,hello@presidiopet.com,https://www.facebook.com/presidiopet/,undefined,https://instagram.com/presidiopet,undefined,undefined
226,http://kempton-co.myshopify.com/,your-email@example.com/info@kemptonandco.com,https://www.facebook.com/KemptonandCo/,undefined,https://instagram.com/kemptonandco/,https://twitter.com/kemptonandco,https://www.pinterest.com/kemptonandco/
227,https://petdoors-com.myshopify.com/,customerservice@petdoors.com,https://www.facebook.com/americasfinestpetdoors,https://www.youtube.com/user/EverythingPetDoors,https://instagram.com/petdoors,undefined,undefined
228,https://thames-kosmos.myshopify.com/,contact@thamesandkosmos.com/legal@brainpop.com,https://www.facebook.com/thamesandkosmos,https://www.youtube.com/user/thamesandkosmos,https://instagram.com/thamesandkosmos/,https://twitter.com/ThamesAndKosmos,undefined
229,https://goscribe.myshopify.com/,support@goscribe.com,undefined,undefined,https://instagram.com/goscribe,undefined,undefined
230,https://gracies-doggie-delights.myshopify.com/,gracie@graciesdoggiedelights.com,https://www.facebook.com/GraciesDoggieDelights/,undefined,https://instagram.com/gdogdelights/,https://twitter.com/gdogdlites,https://www.pinterest.com/GDogDelights/
231,https://applied-biophysics-inc.myshopify.com/,not provided,undefined,undefined,undefined,undefined,undefined
232,http://pet-memorial-services.myshopify.com/,not provided,https://www.facebook.com/PetMemorialServicesPA,undefined,undefined,https://twitter.com/widgets.js,undefined
233,http://lake-erie-pet-food-co.myshopify.com/,info@lakeeriepet.com,https://www.facebook.com/lakeeriepet,https://www.youtube.com/channel/UCT2JE4A2h9jZ7RTmqzFgfjw,https://instagram.com/lakeeriepet,undefined,undefined
234,https://3daypetsupply.myshopify.com/,charles@3daypetsupply.com,undefined,undefined,undefined,undefined,undefined
235,http://kentest1.myshopify.com/,csps@countrysidepet.com,https://www.facebook.com/countrysidepetsupply,undefined,undefined,https://twitter.com/countrysidepet,undefined
236,https://petcarrier.myshopify.com/,sales@sturdiproducts.com,https://www.facebook.com/SturdiProducts,https://www.youtube.com/channel/UC4BAUsgPOmNRdo3G6bZSfFQ,https://instagram.com/sturdiproducts/,https://twitter.com/sturdi_products,https://www.pinterest.com/sturdi_products
237,https://wowteam1.myshopify.com/,customerservice@petsense.com,https://www.facebook.com/Petsense,undefined,https://instagram.com/petsense.stores,https://twitter.com/,https://www.pinterest.com/
238,https://owners-shop-bobsweep-intelligent-floor-cleaner.myshopify.com/,not provided,https://www.facebook.com/bObsweep/,https://www.youtube.com/user/bobsweep,https://instagram.com/bobsweep/,https://twitter.com/bobsweep,undefined
239,https://campbell-pet-company.myshopify.com/,info@campbellpet.com,https://www.facebook.com/Campbell-Pet-Company-459334464145077,https://www.youtube.com/user/CampbellPetCo,undefined,undefined,undefined
240,https://healthy-pet-austin.myshopify.com/,?subject=how+frequently+to+bathe+your+outdoor+active+dog&body=https%3a%2f%2fhealthypetaustin.com%2fblogs%2fnews%2fhow-frequently-to-bathe-your-outdoor-active-dog,https://www.facebook.com/HealthyPetTX/,undefined,https://instagram.com/healthypettx/,https://twitter.com/healthypettx,undefined
241,https://rovers-pet.myshopify.com/,not provided,https://www.facebook.com/roverspet/,https://www.youtube.com/embed/2oIjCzOBBlA?rel=0&showinfo=0&vq=720,https://instagram.com/rovers_relief/,undefined,undefined
242,https://lucky-pet-2.myshopify.com/,sales@luckypet.com,https://www.facebook.com/luckypetpettags,undefined,undefined,https://twitter.com/luckypetpettags,undefined
243,https://natural-pawz.myshopify.com/,email@example.com,https://www.facebook.com/NaturalPawz/,undefined,https://instagram.com/naturalpawz/,undefined,undefined
244,https://onim.myshopify.com/,your-email@example.com,https://www.facebook.com/pages/Our-Name-is-Mud/146911722008588,undefined,https://instagram.com/our_name_is_mud/,https://twitter.com/Ournameismud,https://www.pinterest.com/ournameismudcom/
245,https://the-pet-boutiquye-at-pound-ridge.myshopify.com/,rafaelherrerapazos@gmail.com/rafael@hussenortheast.com,undefined,undefined,undefined,undefined,undefined
246,https://khpet.myshopify.com/,not provided,https://www.facebook.com/khpet,https://www.youtube.com/user/KHPETPRODUCTS,https://instagram.com/khpet/,undefined,https://www.pinterest.com/v3/?tid=2612540064558&noscript=1
247,https://preferpets.myshopify.com/,not provided,https://www.facebook.com/PreferPets/,https://www.youtube.com/embed/ILGlhNgrKr0?rel=0,https://instagram.com/preferpets/,https://twitter.com/PreferPets,undefined
248,https://shelandy.myshopify.com/,sales@shelandy.com/warranty@shelandy.com,undefined,undefined,undefined,undefined,undefined
249,https://equipt4-llc.myshopify.com/,support@petfitforlife.com,https://www.facebook.com/facebook,undefined,https://instagram.com/petfitforlife/,https://twitter.com/widgets.js,undefined
250,http://aromahealthtexas-com.myshopify.com/,order@solpunkten.se,https://www.facebook.com/pages/Aroma-Health-Texas/145156538843745,undefined,https://instagram.com/aromahealthtexas-com.myshopify.com,https://twitter.com/AromaHealthTexa,https://www.pinterest.com/petitefl/
251,https://evolutiondiet.myshopify.com/,weisman@qwestoffice.net,https://www.facebook.com/Evolution-Diet-Pet-Food-Corp-285926380083/,undefined,undefined,undefined,undefined
252,https://farmers-exchange-townsend.myshopify.com/,feedstorehelp@gmail.com,https://www.facebook.com/pages/Farmers-Exchange-of-Townsend/183998453259,undefined,undefined,https://twitter.com/TownsendFarmer,undefined
253,https://wfsweb.myshopify.com/,email@example.com/info@wildforsalmon.com,https://www.facebook.com/WildForSalmon/,https://www.youtube.com/channel/UCk0WB7T9JdjtSQb4-BefMwg,https://instagram.com/wildforsalmon/,undefined,undefined
254,https://petshow.myshopify.com/,not provided,https://www.facebook.com/thepetshow,https://www.youtube.com/user/warreneckstein,https://instagram.com/warreneckstein,https://twitter.com/warreneckstein,https://www.pinterest.com/warreneckstein
255,https://choice-pet.myshopify.com/,customerservice@choicepet.com,https://www.facebook.com/ChoicePet/,https://www.youtube.com/watch?v=z5xesEfoZVE,https://instagram.com/explore/tags/choicepet/,https://twitter.com/choice_pet,undefined
256,https://petsuperjuice.myshopify.com/,not provided,https://www.facebook.com/PetSuperJuice/,undefined,https://instagram.com/Hillsb0r0MAX,undefined,undefined
257,https://pet-video-verify-pet-supplies.myshopify.com/,?&subject=2021 new smart watches men full touch screen sports fitness watch ip67 waterproof bluetooth for android ios smartwatch mens+box&body=https://www.petvideoverifysupplies.com/products/2021-new-smart-watches-men-full-touch-screen-sports-fitness-watch-ip67-waterproof-bluetooth-for-android-ios-smartwatch-mens-box,https://www.facebook.com/petvideoverify,https://www.youtube.com/petvideoverify,https://instagram.com/petvideoverify,https://twitter.com/petvideoverify,https://www.pinterest.com/petvideoverify
258,http://atlas-pet-company.myshopify.com/,email@example.com,https://www.facebook.com/atlaspetcompany,undefined,https://instagram.com/atlaspetcompany/,undefined,https://www.pinterest.com/atlaspetcompany
259,https://geopetric.myshopify.com/,not provided,undefined,undefined,https://instagram.com/geopetric/,undefined,undefined
260,https://closer-pets-us.myshopify.com/,help@closerpets.com?subject=closer pets / contact us / usa /,https://www.facebook.com/wearecloserpets,undefined,https://instagram.com/wearecloserpets/,https://twitter.com/WeAreCloserPets,undefined
261,http://well-horse.myshopify.com/,support@well-horse.com,https://www.facebook.com/WellHorse/,https://www.youtube.com/channel/UCgthlnXsjOyYQcN-HrxHxPg,https://instagram.com/wellhorse1/,https://twitter.com/Well_Horse,undefined
262,https://redbarn-shop.myshopify.com/,select2@4.1.0-beta.1/info@redbarn.com,https://www.facebook.com/redbarninc,undefined,https://instagram.com/redbarninc/,https://twitter.com/redbarninc,https://www.pinterest.com/redbarninc/
263,http://petfusion.myshopify.com/,not provided,https://www.facebook.com/PetFusion/,https://www.youtube.com/channel/UCREDPh8CHEgrfIoYfeV3RVA,https://instagram.com/petfusion,https://twitter.com/pet_fusion,undefined
264,https://closer-pets-us.myshopify.com/,not provided,https://www.facebook.com/wearecloserpets,undefined,https://instagram.com/wearecloserpets/,https://twitter.com/WeAreCloserPets,undefined
265,https://praisemypet.myshopify.com/,team@praisemypet.com,undefined,undefined,undefined,https://twitter.com/i/adsct?txn_id=o9nyb&p_id=Twitter&tw_sale_amount=0&tw_order_quantity=0,undefined
266,https://loveurnsusa.myshopify.com/,mail@loveurns.com,https://www.facebook.com/loveurns,https://www.youtube.com/channel/UChMCVNwQObgahZVyVYYY_ew,https://instagram.com/loveurns,https://twitter.com/loveurns,https://www.pinterest.com/loveurns/
267,https://rawrycat.myshopify.com/,help@rawrycat.com,https://www.facebook.com/rawrycat,https://www.youtube.com/channel/UC7iXeDYeabfkr3hVXy-UHNA,https://instagram.com/rawrycat/,https://twitter.com/rawrycat,https://www.pinterest.com/rawrycat/
268,https://lawnbright.myshopify.com/,support@heliumdev.com/lawnbright-organic-lawn-care_180x_156146b3-9cf9-4b3f-a813-a10ec6240a3b_480x480@2x.webp/lawnbright-easy-apply-lawn-care_180x_28ed6963-ec88-442b-8396-9be75aa5983e_480x480@2x.webp/lawnbright-science-based-lawn-care_180x_30b824ca-8df0-494e-af78-cd7bc3d176d1_480x480@2x.webp/info@getlawnbright.com,https://www.facebook.com/lawnbright,https://www.youtube.com/embed/oGklhWpV0o8?rel=0,https://instagram.com/lawnbright,https://twitter.com/lawnbright,undefined
269,https://neurogan-cbd.myshopify.com/,support@neurogan.com,https://www.facebook.com/neuroganinc/,https://www.youtube.com/channel/UCWS8axs1J05f3fNv7Uj8v_w,https://instagram.com/neurogan/,https://twitter.com/neuroganinc,https://www.pinterest.com/neurogan/
270,https://neurogan-cbd.myshopify.com/,support@neurogan.com,https://www.facebook.com/neuroganinc/,https://www.youtube.com/channel/UCWS8axs1J05f3fNv7Uj8v_w,https://instagram.com/neurogan/,https://twitter.com/neuroganinc,https://www.pinterest.com/neurogan/
271,https://1818-farms.myshopify.com/,info@1818farms.com,https://www.facebook.com/1818farms,https://www.youtube.com/user/the1818farms,https://instagram.com/1818farms,https://twitter.com/1818farms,https://www.pinterest.com/1818farms
272,https://1818-farms.myshopify.com/,info@1818farms.com,https://www.facebook.com/1818farms,https://www.youtube.com/user/the1818farms,https://instagram.com/1818farms,https://twitter.com/1818farms,https://www.pinterest.com/1818farms
273,https://fred-friends.myshopify.com/,global@fredandfriends.com,undefined,undefined,undefined,undefined,undefined
274,https://factorydirectchemicals.myshopify.com/,support@factorydirectchemicals.com,undefined,undefined,undefined,undefined,https://www.pinterest.com/v3/?tid=YOUR_TAG_ID&noscript=1
275,https://ipphl.myshopify.com/,email@example.com,https://www.facebook.com/kriserspets/,undefined,https://instagram.com/kriserspets/?hl=en,undefined,undefined
276,https://aurora-world.myshopify.com/,joe@example.com/jan.novak@server.cz/joe@voorbeeld.com/peter@beispielemai.de/kisjanos@pelda.hu/mariorossi@esempio.it/joe@eksempel.com/ula@gmail.com/support@halothemes.com,https://www.facebook.com/auroraworld,https://www.youtube.com/user/AuroraWorld1,https://instagram.com/auroraworldus/,https://twitter.com/AuroraWorld,undefined
277,https://ipphl.myshopify.com/,email@example.com,https://www.facebook.com/kriserspets/,undefined,https://instagram.com/kriserspets/?hl=en,undefined,undefined
278,https://oxyfresh.myshopify.com/,smiles@oxyfresh.com,https://www.facebook.com/oxyfresh,https://www.youtube.com/c/OxyfreshWorldwideIncCoeurdAlene,https://instagram.com/oxyfresh,undefined,undefined
279,https://furhavenstore.myshopify.com/,support@starapps.studio/lazyload@2.0.0-rc.2/service@furhaven.com,https://www.facebook.com/FurhavenPetProducts/,undefined,https://instagram.com/furhavenpetproducts/,https://twitter.com/furhavenpet,https://www.pinterest.com/furhavenpet/
280,https://seagate-products.myshopify.com/,info@seagateproducts.com,https://www.facebook.com/Seagateproducts,https://www.youtube.com/user/seagateproducts,undefined,https://twitter.com/Seagate_Product,undefined
281,https://loyalcompanionpets.myshopify.com/,email@example.com,https://www.facebook.com/loyalcompanionpets/,undefined,https://instagram.com/loyalcompanionpets/,undefined,undefined
282,https://caldera-international.myshopify.com/,service@calderaintl.com?subject=hello%20again,https://www.facebook.com/Caldera-International-Inc-449078918820405/,undefined,https://instagram.com/calderainternational/,undefined,undefined
283,https://loyalcompanionpets.myshopify.com/,email@example.com,https://www.facebook.com/loyalcompanionpets/,undefined,https://instagram.com/loyalcompanionpets/,undefined,undefined
284,https://tomlinsons-feed.myshopify.com/,not provided,https://www.facebook.com/tomlinsons,https://www.youtube.com/user/TomlinsonsAustin,https://instagram.com/tomlinsonsfeed,undefined,https://www.pinterest.com/TomlinsonsFeedTexas/
285,https://ipphl.myshopify.com/,email@example.com,https://www.facebook.com/kriserspets/,undefined,https://instagram.com/kriserspets/?hl=en,undefined,undefined
286,https://incred-pets.myshopify.com/,customercare@incredpets.com,https://www.facebook.com/incrediblepets/,undefined,https://instagram.com/incredible.pets/,undefined,undefined
287,https://because-animals-shop.myshopify.com/,aos@2.3.1/joshua@becauseanimals.com,undefined,https://www.youtube.com/channel/UCWdUDhNT6ZNuoo1YNuVBdZw,https://instagram.com/becauseanimals/,undefined,undefined
288,https://aurora-world.myshopify.com/,joe@example.com/jan.novak@server.cz/joe@voorbeeld.com/peter@beispielemai.de/kisjanos@pelda.hu/mariorossi@esempio.it/joe@eksempel.com/ula@gmail.com/support@halothemes.com,https://www.facebook.com/auroraworld,https://www.youtube.com/user/AuroraWorld1,https://instagram.com/auroraworldus/,https://twitter.com/AuroraWorld,undefined
289,https://1915-farm.myshopify.com/,email@newsletter.com,https://www.facebook.com/1915Farm/?ref=py_c,undefined,https://instagram.com/1915_farm/?hl=en,undefined,undefined
290,https://furhavenstore.myshopify.com/,support@starapps.studio/lazyload@2.0.0-rc.2/service@furhaven.com,https://www.facebook.com/FurhavenPetProducts/,undefined,https://instagram.com/furhavenpetproducts/,https://twitter.com/furhavenpet,https://www.pinterest.com/furhavenpet/
291,http://lenox-corporation.myshopify.com/,not provided,https://www.facebook.com/Lenox/,undefined,https://instagram.com/lenox/,undefined,https://www.pinterest.com/lenoxusa/
292,https://fred-friends.myshopify.com/,not provided,undefined,undefined,undefined,undefined,undefined
293,https://natures-specialties.myshopify.com/,sales@naturesspecialties.com,https://www.facebook.com/NaturesSpecialties,undefined,https://instagram.com/naturesspecialties/,undefined,undefined
294,https://furhavenstore.myshopify.com/,support@starapps.studio/lazyload@2.0.0-rc.2/service@furhaven.com,https://www.facebook.com/FurhavenPetProducts/,undefined,https://instagram.com/furhavenpetproducts/,https://twitter.com/furhavenpet,https://www.pinterest.com/furhavenpet/
295,https://schoolgirl-style.myshopify.com/,customerservice@schoolgirlstyle.com/schoolgirlstyle@gmail.com,https://www.facebook.com/schoolgirlstyledecor/,https://www.youtube.com/channel/UCKe1Rh72xwhUnt49x8Lc37A?view_as=subscriber,https://instagram.com/schoolgirlstyle/,undefined,https://www.pinterest.com/schoolgirlstyle/_shop/
296,https://john-paul-pet.myshopify.com/,not provided,https://www.facebook.com/johnpaulpet,https://www.youtube.com/watch?v=GHBe0ortCUc,https://instagram.com/johnpaulpet,https://twitter.com/johnpaulpet,https://www.pinterest.com/johnpaulpet
297,https://thepawfecthouse.myshopify.com/,contact@pawfecthouse.com,https://www.facebook.com/thepawfecthouse,undefined,https://instagram.com/thepawfecthouse/,https://twitter.com/pawfecthouse,undefined
298,https://redbarn-shop.myshopify.com/,select2@4.1.0-beta.1/info@redbarn.com,https://www.facebook.com/redbarninc,undefined,https://instagram.com/redbarninc/,https://twitter.com/redbarninc,https://www.pinterest.com/redbarninc/
299,https://whatastore1.myshopify.com/,not provided,https://www.facebook.com/whataburger,https://www.youtube.com/channel/UCySeCVl8B2kU8kC6StFplBw,https://instagram.com/whataburger/,https://twitter.com/Whataburger,https://www.pinterest.com/whataburgerofficial/_created/
300,https://thehoundsystore.myshopify.com/,hello@houndsy.com,https://www.facebook.com/houndsyofficial,https://www.youtube.com/channel/UCrFZPr98HtJq9ZhjdQiKJhg,https://instagram.com/houndsyofficial,undefined,undefined
301,https://caldera-international.myshopify.com/,service@calderaintl.com?subject=hello%20again,https://www.facebook.com/Caldera-International-Inc-449078918820405/,undefined,https://instagram.com/calderainternational/,undefined,undefined
302,https://loomandloft.myshopify.com/,not provided,https://www.facebook.com/insideweatherdesign,undefined,https://instagram.com/insideweather/,undefined,undefined
303,https://rad-power-bikes.myshopify.com/,swiper@8.1.1,https://www.facebook.com/radpowerbikes,https://www.youtube.com/mikebikerad,https://instagram.com/radpowerbikes,https://twitter.com/RadPowerBikes,undefined
304,https://theoodie.myshopify.com/,partnerships@theoodie.com,https://www.facebook.com/theofficialoodie,undefined,https://instagram.com/the_oodie,https://twitter.com/TheOodie,undefined
305,https://theoodie.myshopify.com/,partnerships@theoodie.com,https://www.facebook.com/theofficialoodie,undefined,https://instagram.com/the_oodie,https://twitter.com/TheOodie,undefined
306,http://tickled-teal.myshopify.com/,not provided,https://www.facebook.com/tickledteal,undefined,https://instagram.com/tickledteal/,undefined,undefined
307,https://lloyds-pharmacy.myshopify.com/,not provided,undefined,undefined,undefined,undefined,undefined
308,https://milagron.myshopify.com/,info@milagron.com,https://www.facebook.com/milagroncom,https://www.youtube.com/channel/UCxSJVrHDKU52n1lUsYCdfhw,https://instagram.com/milagron,undefined,undefined
309,https://smoke-cartel.myshopify.com/,not provided,https://www.facebook.com/smokecartel,https://www.youtube.com/embed/7c0esy3b8Jc?rel=0&showinfo=0&playsinline=1&modestbranding=1,https://instagram.com/smokecartelglass,https://twitter.com/smokecartel,https://www.pinterest.com/smokecartel/
