1,https://petiteknit.myshopify.com/,support@petiteknit.com,undefined,undefined,undefined,undefined,undefined
2,http://princessawesome.myshopify.com/,hello@princess-awesome.com,https://www.facebook.com/princess31415,undefined,https://instagram.com/princessawesomegirls/,https://twitter.com/princessawesome,https://www.pinterest.com/31415princess/_shop/
3,https://ragstoraches.myshopify.com/,support@starapps.studio,https://www.facebook.com/ragscom,https://www.youtube.com/rags_com,https://instagram.com/rags_to_raches,undefined,https://www.pinterest.com/rags_com
4,https://central-park-tennis-center.myshopify.com/,not provided,undefined,undefined,undefined,undefined,undefined
5,https://worthy-threads.myshopify.com/,jessica@worthy-threads.com,https://www.facebook.com/worthythread/,undefined,https://instagram.com/worthythreads,undefined,https://www.pinterest.com/worthythreads/
6,https://smartypantsvitamins.myshopify.com/,not provided,https://www.facebook.com/SmartyPants/,undefined,https://instagram.com/smartypants/,https://twitter.com/smartyhealth?lang=en,https://www.pinterest.com/smartyhealth/
7,https://charlesbridge.myshopify.com/,email@example.com/adultsubmissions@charlesbridge.com,https://www.facebook.com/CharlesbridgePublishingInc,https://www.youtube.com/user/Charlesbridge1,https://instagram.com/charlesbridgepublishing/,https://twitter.com/charlesbridge,https://www.pinterest.com/charlesbridge/
8,https://smartypantsvitamins.myshopify.com/,not provided,https://www.facebook.com/SmartyPants/,undefined,https://instagram.com/smartypants/,https://twitter.com/smartyhealth?lang=en,https://www.pinterest.com/smartyhealth/
9,https://rayne-clinical-nutrition.myshopify.com/,info@raynenutrition.com,undefined,undefined,undefined,undefined,undefined
10,https://octocog-test-store.myshopify.com/,customerservice@befreeco.com,https://www.facebook.com/befreeadaptiveclothing,https://www.youtube.com/watch?v=LTyC0xhvC80,https://instagram.com/befreeadaptive/,undefined,undefined
11,https://acawso.myshopify.com/,not provided,undefined,undefined,undefined,undefined,undefined
12,http://camp-no-counselors.myshopify.com/,not provided,undefined,undefined,undefined,undefined,undefined
13,https://mouthwatchers.myshopify.com/,info@mouthwatchers.com,https://www.facebook.com/DrPlotkasMouthWatchers/,undefined,https://instagram.com/doctorplotkasmouthwatchers/,https://twitter.com/mouth_watchers,undefined
14,https://rayne-clinical-nutrition.myshopify.com/,info@raynenutrition.com,undefined,undefined,undefined,undefined,undefined
15,https://smartypantsvitamins.myshopify.com/,not provided,https://www.facebook.com/SmartyPants/,undefined,https://instagram.com/smartypants/,https://twitter.com/smartyhealth?lang=en,https://www.pinterest.com/smartyhealth/
16,https://noorvitamins-store.myshopify.com/,slick-carousel@1.8.1,https://www.facebook.com/NoorVitamins,https://www.youtube.com/channel/UCsuZOxbAFVafN3hwNNOg4Sw/videos,https://instagram.com/noorvitamins/,https://twitter.com/@NoorVitamins,undefined
17,https://loveurnsusa.myshopify.com/,mail@loveurns.com,https://www.facebook.com/loveurns,https://www.youtube.com/channel/UChMCVNwQObgahZVyVYYY_ew,https://instagram.com/loveurns,https://twitter.com/loveurns,https://www.pinterest.com/loveurns/
18,https://nulo-pet-food.myshopify.com/,slick-carousel@1.8.1,https://www.facebook.com/nulopetfood/,undefined,https://instagram.com/nulopetfood/,https://twitter.com/nulopetfood,https://www.pinterest.com/nulopetfood/_shop/
19,https://loveurnsusa.myshopify.com/,mail@loveurns.com,https://www.facebook.com/loveurns,https://www.youtube.com/channel/UChMCVNwQObgahZVyVYYY_ew,https://instagram.com/loveurns,https://twitter.com/loveurns,https://www.pinterest.com/loveurns/
20,https://charlesbridge.myshopify.com/,email@example.com/adultsubmissions@charlesbridge.com,https://www.facebook.com/CharlesbridgePublishingInc,https://www.youtube.com/user/Charlesbridge1,https://instagram.com/charlesbridgepublishing/,https://twitter.com/charlesbridge,https://www.pinterest.com/charlesbridge/
21,https://loveurnsusa.myshopify.com/,mail@loveurns.com,https://www.facebook.com/loveurns,https://www.youtube.com/channel/UChMCVNwQObgahZVyVYYY_ew,https://instagram.com/loveurns,https://twitter.com/loveurns,https://www.pinterest.com/loveurns/
22,https://loveurnsusa.myshopify.com/,mail@loveurns.com,https://www.facebook.com/loveurns,https://www.youtube.com/channel/UChMCVNwQObgahZVyVYYY_ew,https://instagram.com/loveurns,https://twitter.com/loveurns,https://www.pinterest.com/loveurns/
23,https://loveurnsusa.myshopify.com/,mail@loveurns.com,https://www.facebook.com/loveurns,https://www.youtube.com/channel/UChMCVNwQObgahZVyVYYY_ew,https://instagram.com/loveurns,https://twitter.com/loveurns,https://www.pinterest.com/loveurns/
24,https://loveurnsusa.myshopify.com/,mail@loveurns.com,https://www.facebook.com/loveurns,https://www.youtube.com/channel/UChMCVNwQObgahZVyVYYY_ew,https://instagram.com/loveurns,https://twitter.com/loveurns,https://www.pinterest.com/loveurns/
25,https://loveurnsusa.myshopify.com/,mail@loveurns.com,https://www.facebook.com/loveurns,https://www.youtube.com/channel/UChMCVNwQObgahZVyVYYY_ew,https://instagram.com/loveurns,https://twitter.com/loveurns,https://www.pinterest.com/loveurns/
26,https://loveurnsusa.myshopify.com/,mail@loveurns.com,https://www.facebook.com/loveurns,https://www.youtube.com/channel/UChMCVNwQObgahZVyVYYY_ew,https://instagram.com/loveurns,https://twitter.com/loveurns,https://www.pinterest.com/loveurns/
27,https://smithscabs.myshopify.com/,not provided,undefined,undefined,undefined,undefined,undefined
28,http://central-park-tennis-center.myshopify.com/,not provided,undefined,undefined,undefined,undefined,undefined
29,https://charlesbridge.myshopify.com/,email@example.com/adultsubmissions@charlesbridge.com,https://www.facebook.com/CharlesbridgePublishingInc,https://www.youtube.com/user/Charlesbridge1,https://instagram.com/charlesbridgepublishing/,https://twitter.com/charlesbridge,https://www.pinterest.com/charlesbridge/
30,https://loveurnsusa.myshopify.com/,mail@loveurns.com,https://www.facebook.com/loveurns,https://www.youtube.com/channel/UChMCVNwQObgahZVyVYYY_ew,https://instagram.com/loveurns,https://twitter.com/loveurns,https://www.pinterest.com/loveurns/
31,https://loveurnsusa.myshopify.com/,mail@loveurns.com,https://www.facebook.com/loveurns,https://www.youtube.com/channel/UChMCVNwQObgahZVyVYYY_ew,https://instagram.com/loveurns,https://twitter.com/loveurns,https://www.pinterest.com/loveurns/
32,https://little-adventures-retail.myshopify.com/,fancybox@3.5.7/jquery@3.5.1,https://www.facebook.com/LittleAdventuresDressUps,undefined,https://instagram.com/littleadventuresdressups/,undefined,https://www.pinterest.com/LAdressups/_created/
33,https://loveurnsusa.myshopify.com/,mail@loveurns.com,https://www.facebook.com/loveurns,https://www.youtube.com/channel/UChMCVNwQObgahZVyVYYY_ew,https://instagram.com/loveurns,https://twitter.com/loveurns,https://www.pinterest.com/loveurns/
34,https://recreate-designs.myshopify.com/,info@recreatedesigns.com,https://www.facebook.com/REcreatedesigns/,undefined,https://instagram.com/recreatedesigns/,https://twitter.com/recreatedesigns,undefined
35,https://loveurnsusa.myshopify.com/,mail@loveurns.com,https://www.facebook.com/loveurns,https://www.youtube.com/channel/UChMCVNwQObgahZVyVYYY_ew,https://instagram.com/loveurns,https://twitter.com/loveurns,https://www.pinterest.com/loveurns/
36,https://charlesbridge.myshopify.com/,email@example.com/adultsubmissions@charlesbridge.com,https://www.facebook.com/CharlesbridgePublishingInc,https://www.youtube.com/user/Charlesbridge1,https://instagram.com/charlesbridgepublishing/,https://twitter.com/charlesbridge,https://www.pinterest.com/charlesbridge/
37,https://loveurnsusa.myshopify.com/,mail@loveurns.com,https://www.facebook.com/loveurns,https://www.youtube.com/channel/UChMCVNwQObgahZVyVYYY_ew,https://instagram.com/loveurns,https://twitter.com/loveurns,https://www.pinterest.com/loveurns/
38,https://charlesbridge.myshopify.com/,email@example.com/adultsubmissions@charlesbridge.com,https://www.facebook.com/CharlesbridgePublishingInc,https://www.youtube.com/user/Charlesbridge1,https://instagram.com/charlesbridgepublishing/,https://twitter.com/charlesbridge,https://www.pinterest.com/charlesbridge/
39,https://loveurnsusa.myshopify.com/,mail@loveurns.com,https://www.facebook.com/loveurns,https://www.youtube.com/channel/UChMCVNwQObgahZVyVYYY_ew,https://instagram.com/loveurns,https://twitter.com/loveurns,https://www.pinterest.com/loveurns/
40,https://school-mask-pack.myshopify.com/,support@starapps.studio/online@schoolmaskpack.com/your-email@example.com,https://www.facebook.com/schoolmaskpack,undefined,https://instagram.com/schoolmaskpack/,https://twitter.com/schoolmaskpack,https://www.pinterest.com/Schoolmaskpack/
41,https://loveurnsusa.myshopify.com/,mail@loveurns.com,https://www.facebook.com/loveurns,https://www.youtube.com/channel/UChMCVNwQObgahZVyVYYY_ew,https://instagram.com/loveurns,https://twitter.com/loveurns,https://www.pinterest.com/loveurns/
42,https://loveurnsusa.myshopify.com/,mail@loveurns.com,https://www.facebook.com/loveurns,https://www.youtube.com/channel/UChMCVNwQObgahZVyVYYY_ew,https://instagram.com/loveurns,https://twitter.com/loveurns,https://www.pinterest.com/loveurns/
43,https://gh-test-site.myshopify.com/,not provided,https://www.facebook.com/GaiaHerbs/,https://www.youtube.com/channel/UCFz5BnpDpOQLoVGm_kpOgyg,https://instagram.com/gaiaherbs/,https://twitter.com/GaiaHerbs,https://www.pinterest.com/gaiaherbs/
44,https://mochi-kids.myshopify.com/,your-email@example.com/andresmatos2000@gmail.com,https://www.facebook.com/mochikidsco,undefined,https://instagram.com/mochi_kids,undefined,https://www.pinterest.com/mochikids
45,https://recreate-designs.myshopify.com/,info@recreatedesigns.com,https://www.facebook.com/REcreatedesigns/,undefined,https://instagram.com/recreatedesigns/,https://twitter.com/recreatedesigns,undefined
46,https://navcbookstore.myshopify.com/,not provided,undefined,undefined,undefined,undefined,undefined
47,https://alice-wonder.myshopify.com/,support@aliceandwonder.com/ali@aliceandwonder.com,https://www.facebook.com/aliceandwonderboutique,undefined,https://instagram.com/aliceandwonder,undefined,https://www.pinterest.com/aliceandwonder_/
48,https://loveurnsusa.myshopify.com/,mail@loveurns.com,https://www.facebook.com/loveurns,https://www.youtube.com/channel/UChMCVNwQObgahZVyVYYY_ew,https://instagram.com/loveurns,https://twitter.com/loveurns,https://www.pinterest.com/loveurns/
49,https://loveurnsusa.myshopify.com/,mail@loveurns.com,https://www.facebook.com/loveurns,https://www.youtube.com/channel/UChMCVNwQObgahZVyVYYY_ew,https://instagram.com/loveurns,https://twitter.com/loveurns,https://www.pinterest.com/loveurns/
50,https://raddish-kids.myshopify.com/,vendors@layout.theme.js/vendors@template.index,https://www.facebook.com/raddishkids,undefined,https://instagram.com/raddishkids,https://twitter.com/raddishkids,https://www.pinterest.com/raddishkids
51,https://loveurnsusa.myshopify.com/,mail@loveurns.com,https://www.facebook.com/loveurns,https://www.youtube.com/channel/UChMCVNwQObgahZVyVYYY_ew,https://instagram.com/loveurns,https://twitter.com/loveurns,https://www.pinterest.com/loveurns/
52,https://nobl-foods.myshopify.com/,not provided,https://www.facebook.com/noblfoods/,undefined,https://instagram.com/noblfoods_/,undefined,undefined
53,https://loveurnsusa.myshopify.com/,mail@loveurns.com,https://www.facebook.com/loveurns,https://www.youtube.com/channel/UChMCVNwQObgahZVyVYYY_ew,https://instagram.com/loveurns,https://twitter.com/loveurns,https://www.pinterest.com/loveurns/
54,https://rons-cichlids.myshopify.com/,not provided,https://www.facebook.com/RonsCichlidsPB/,https://www.youtube.com/channel/UCabBgnnet55yI9wN2JkW1AQ,undefined,undefined,undefined
55,https://recreate-designs.myshopify.com/,info@recreatedesigns.com,https://www.facebook.com/REcreatedesigns/,undefined,https://instagram.com/recreatedesigns/,https://twitter.com/recreatedesigns,undefined
56,https://recreate-designs.myshopify.com/,info@recreatedesigns.com,https://www.facebook.com/REcreatedesigns/,undefined,https://instagram.com/recreatedesigns/,https://twitter.com/recreatedesigns,undefined
57,https://loveurnsusa.myshopify.com/,mail@loveurns.com,https://www.facebook.com/loveurns,https://www.youtube.com/channel/UChMCVNwQObgahZVyVYYY_ew,https://instagram.com/loveurns,https://twitter.com/loveurns,https://www.pinterest.com/loveurns/
58,https://recreate-designs.myshopify.com/,info@recreatedesigns.com,https://www.facebook.com/REcreatedesigns/,undefined,https://instagram.com/recreatedesigns/,https://twitter.com/recreatedesigns,undefined
59,https://loveurnsusa.myshopify.com/,mail@loveurns.com,https://www.facebook.com/loveurns,https://www.youtube.com/channel/UChMCVNwQObgahZVyVYYY_ew,https://instagram.com/loveurns,https://twitter.com/loveurns,https://www.pinterest.com/loveurns/
60,https://loveurnsusa.myshopify.com/,mail@loveurns.com,https://www.facebook.com/loveurns,https://www.youtube.com/channel/UChMCVNwQObgahZVyVYYY_ew,https://instagram.com/loveurns,https://twitter.com/loveurns,https://www.pinterest.com/loveurns/
61,https://mermaidlinden.myshopify.com/,not provided,https://www.facebook.com/mermaidsinmotion/,https://www.youtube.com/user/MermaidsInMotion,https://instagram.com/mermaidlinden/?hl=en,https://twitter.com/mermaidsnmotion,undefined
62,https://loveurnsusa.myshopify.com/,mail@loveurns.com,https://www.facebook.com/loveurns,https://www.youtube.com/channel/UChMCVNwQObgahZVyVYYY_ew,https://instagram.com/loveurns,https://twitter.com/loveurns,https://www.pinterest.com/loveurns/
63,https://charlesbridge.myshopify.com/,email@example.com/adultsubmissions@charlesbridge.com,https://www.facebook.com/CharlesbridgePublishingInc,https://www.youtube.com/user/Charlesbridge1,https://instagram.com/charlesbridgepublishing/,https://twitter.com/charlesbridge,https://www.pinterest.com/charlesbridge/
64,https://mouthwatchers.myshopify.com/,info@mouthwatchers.com,https://www.facebook.com/DrPlotkasMouthWatchers/,undefined,https://instagram.com/doctorplotkasmouthwatchers/,https://twitter.com/mouth_watchers,undefined
65,https://loveurnsusa.myshopify.com/,mail@loveurns.com,https://www.facebook.com/loveurns,https://www.youtube.com/channel/UChMCVNwQObgahZVyVYYY_ew,https://instagram.com/loveurns,https://twitter.com/loveurns,https://www.pinterest.com/loveurns/
66,https://knkmiami.myshopify.com/,not provided,https://www.facebook.com/knkmiami/?pnref=lhc,https://www.youtube.com/c/KNKMiami,https://instagram.com/knkmiami,https://twitter.com/knkmiami,undefined
67,https://region-13-products.myshopify.com/,productstore@esc13.txed.net,https://www.facebook.com/ESC13/?fref=ts,undefined,undefined,https://twitter.com/region13?ref_src=twsrc%5Egoogle%7Ctwcamp%5Eserp%7Ctwgr%5Eauthor,https://www.pinterest.com/region13/
68,https://panther-den-at-portledge-school.myshopify.com/,not provided,undefined,undefined,undefined,undefined,undefined
69,https://loveurnsusa.myshopify.com/,mail@loveurns.com,https://www.facebook.com/loveurns,https://www.youtube.com/channel/UChMCVNwQObgahZVyVYYY_ew,https://instagram.com/loveurns,https://twitter.com/loveurns,https://www.pinterest.com/loveurns/
70,https://loveurnsusa.myshopify.com/,mail@loveurns.com,https://www.facebook.com/loveurns,https://www.youtube.com/channel/UChMCVNwQObgahZVyVYYY_ew,https://instagram.com/loveurns,https://twitter.com/loveurns,https://www.pinterest.com/loveurns/
71,https://loveurnsusa.myshopify.com/,mail@loveurns.com,https://www.facebook.com/loveurns,https://www.youtube.com/channel/UChMCVNwQObgahZVyVYYY_ew,https://instagram.com/loveurns,https://twitter.com/loveurns,https://www.pinterest.com/loveurns/
72,https://childrensartproject.myshopify.com/,ui@4.0.7/js-cookie@3.0.1/emoji-datasource-facebook@5.0.1,undefined,undefined,undefined,undefined,undefined
73,https://shop-micro-kickboard.myshopify.com/,info@microkickboard.com,https://www.facebook.com/microkickboard/,https://www.youtube.com/channel/UC7lV9gDzs4U6A_Qm6DJTn0g,https://instagram.com/microkickboard/,undefined,https://www.pinterest.com/microkickboard/_created/
74,https://buyhandh.myshopify.com/,info@gohandh.com,https://www.facebook.com/gohandh,https://www.youtube.com/user/gohandh,https://instagram.com/hhmedcorp,https://twitter.com/gohandh,undefined
75,https://loveurnsusa.myshopify.com/,mail@loveurns.com,https://www.facebook.com/loveurns,https://www.youtube.com/channel/UChMCVNwQObgahZVyVYYY_ew,https://instagram.com/loveurns,https://twitter.com/loveurns,https://www.pinterest.com/loveurns/
76,https://gemsbylaura.myshopify.com/,help@gemsbylaura.com,https://www.facebook.com/gemsbylaura/,undefined,https://instagram.com/gemsbylaura/?hl=en,undefined,undefined
77,https://rayne-clinical-nutrition.myshopify.com/,info@raynenutrition.com,undefined,undefined,undefined,undefined,undefined
78,https://loveurnsusa.myshopify.com/,mail@loveurns.com,https://www.facebook.com/loveurns,https://www.youtube.com/channel/UChMCVNwQObgahZVyVYYY_ew,https://instagram.com/loveurns,https://twitter.com/loveurns,https://www.pinterest.com/loveurns/
79,https://sensoronics-2.myshopify.com/,sales@sensoronics.com,https://www.facebook.com/sensoronics,undefined,undefined,undefined,undefined
80,https://loveurnsusa.myshopify.com/,mail@loveurns.com,https://www.facebook.com/loveurns,https://www.youtube.com/channel/UChMCVNwQObgahZVyVYYY_ew,https://instagram.com/loveurns,https://twitter.com/loveurns,https://www.pinterest.com/loveurns/
81,https://thehumblecompany.myshopify.com/,info@thehumble.co,https://www.facebook.com/thehumbleco/,https://www.youtube.com/channel/UC4jx5rlD9neaiJ97kSD7iaQ,https://instagram.com/thehumble.co/,undefined,undefined
82,https://just-nebulizers.myshopify.com/,service@justnebulizers.com,https://www.facebook.com/justnebulizers,https://www.youtube.com/user/justhealthtv,https://instagram.com/justnebulizers/,https://twitter.com/JustHealthShops,undefined
83,https://mouthwatchers.myshopify.com/,info@mouthwatchers.com,https://www.facebook.com/DrPlotkasMouthWatchers/,undefined,https://instagram.com/doctorplotkasmouthwatchers/,https://twitter.com/mouth_watchers,undefined
84,https://troyskatingclub.myshopify.com/,not provided,https://www.facebook.com/troyskatingclub/,undefined,https://instagram.com/troyskatingclub/?hl=en,undefined,undefined
85,https://once-upon-a-book-club.myshopify.com/,info@onceuponabookclub.com,https://www.facebook.com/onceuponabookclub,undefined,https://instagram.com/onceuponabookclubbox,https://twitter.com/ouabookclub,undefined
86,https://dynamic-diagnostics-inc.myshopify.com/,support@hellodynamic.com,https://www.facebook.com/hellodynamic,undefined,undefined,https://twitter.com/heydynamic,undefined
87,https://piccolina-kids.myshopify.com/,wholesale@piccolinakids.com,https://www.facebook.com/piccolinakidsclothes,undefined,https://instagram.com/piccolina_kids/,https://twitter.com/piccolina_kids,undefined
88,https://charlesbridge.myshopify.com/,email@example.com/adultsubmissions@charlesbridge.com,https://www.facebook.com/CharlesbridgePublishingInc,https://www.youtube.com/user/Charlesbridge1,https://instagram.com/charlesbridgepublishing/,https://twitter.com/charlesbridge,https://www.pinterest.com/charlesbridge/
89,https://loveurnsusa.myshopify.com/,mail@loveurns.com,https://www.facebook.com/loveurns,https://www.youtube.com/channel/UChMCVNwQObgahZVyVYYY_ew,https://instagram.com/loveurns,https://twitter.com/loveurns,https://www.pinterest.com/loveurns/
90,https://mpcs-patriot-shop.myshopify.com/,emiles@mountpisgahschool.org,undefined,undefined,https://instagram.com/mpcspatriotshop/,undefined,undefined
91,https://timberlinelodge.myshopify.com/,giftshop@timberlinelodge.com,https://www.facebook.com/timberlinelodge.oregon/,https://www.youtube.com/user/timberlinelodge37,https://instagram.com/timberlinelodge/,https://twitter.com/timberlinelodge,undefined
92,https://loveurnsusa.myshopify.com/,mail@loveurns.com,https://www.facebook.com/loveurns,https://www.youtube.com/channel/UChMCVNwQObgahZVyVYYY_ew,https://instagram.com/loveurns,https://twitter.com/loveurns,https://www.pinterest.com/loveurns/
93,https://little-adventures-retail.myshopify.com/,fancybox@3.5.7/jquery@3.5.1,https://www.facebook.com/LittleAdventuresDressUps,undefined,https://instagram.com/littleadventuresdressups/,undefined,https://www.pinterest.com/LAdressups/_created/
94,https://nsa-spirit-shop.myshopify.com/,spiritorders@nsacademy.org/spiritorders@nsacademy.org.,https://www.facebook.com/nsasaints,undefined,https://instagram.com/nsasaints,https://twitter.com/NSAthletics,undefined
95,https://acawso.myshopify.com/,not provided,undefined,undefined,undefined,undefined,undefined
96,https://hippique.myshopify.com/,jumpcrew@hippique.com,https://www.facebook.com/hippiqueofficial/,undefined,https://instagram.com/hippique_eq/,undefined,undefined
97,https://charlesbridge.myshopify.com/,email@example.com/adultsubmissions@charlesbridge.com,https://www.facebook.com/CharlesbridgePublishingInc,https://www.youtube.com/user/Charlesbridge1,https://instagram.com/charlesbridgepublishing/,https://twitter.com/charlesbridge,https://www.pinterest.com/charlesbridge/
98,https://campbell-pet-company.myshopify.com/,info@campbellpet.com,https://www.facebook.com/Campbell-Pet-Company-459334464145077,https://www.youtube.com/user/CampbellPetCo,undefined,undefined,undefined
99,https://stomastoma.myshopify.com/,not provided,https://www.facebook.com/histomastoma/,undefined,https://instagram.com/hi_stomastoma/,https://twitter.com/StomaStoma,https://www.pinterest.com/StomaStoma
100,https://charlesbridge.myshopify.com/,email@example.com/adultsubmissions@charlesbridge.com,https://www.facebook.com/CharlesbridgePublishingInc,https://www.youtube.com/user/Charlesbridge1,https://instagram.com/charlesbridgepublishing/,https://twitter.com/charlesbridge,https://www.pinterest.com/charlesbridge/
101,https://charlesbridge.myshopify.com/,not provided,https://www.facebook.com/CharlesbridgePublishingInc,https://www.youtube.com/user/Charlesbridge1,https://instagram.com/charlesbridgepublishing/,https://twitter.com/charlesbridge,https://www.pinterest.com/charlesbridge/
102,https://charlesbridge.myshopify.com/,not provided,https://www.facebook.com/CharlesbridgePublishingInc,https://www.youtube.com/user/Charlesbridge1,https://instagram.com/charlesbridgepublishing/,https://twitter.com/charlesbridge,https://www.pinterest.com/charlesbridge/
103,https://orphan-aid-liberia.myshopify.com/,your-email@example.com/daryl@orphanaidliberia.com,https://www.facebook.com/live2540,https://www.youtube.com/user/orphanaidliberia1,https://instagram.com/live2540inc,https://twitter.com/live2540inc,undefined
104,https://timberlinelodge.myshopify.com/,giftshop@timberlinelodge.com,https://www.facebook.com/timberlinelodge.oregon/,https://www.youtube.com/user/timberlinelodge37,https://instagram.com/timberlinelodge/,https://twitter.com/timberlinelodge,undefined
105,https://babykins-products-usa.myshopify.com/,info@babykins.com,undefined,undefined,undefined,undefined,undefined
106,https://charlesbridge.myshopify.com/,not provided,undefined,undefined,undefined,undefined,undefined
107,http://smithscabs.myshopify.com/,not provided,undefined,undefined,undefined,undefined,undefined
108,https://charlesbridge.myshopify.com/,not provided,undefined,undefined,undefined,undefined,undefined
109,https://just-nebulizers.myshopify.com/,not provided,undefined,undefined,undefined,undefined,undefined
110,https://charlesbridge.myshopify.com/,not provided,undefined,undefined,undefined,undefined,undefined
111,https://gemsbylaura.myshopify.com/,not provided,undefined,undefined,undefined,undefined,undefined
112,https://capellisport-com.myshopify.com/,customerservice@capellisport.com?subject=hello%20i%20need%20information,https://www.facebook.com/CapelliSport,undefined,https://instagram.com/capellisport/,https://twitter.com/capellisport,undefined
113,https://abbeys-house.myshopify.com/,not provided,https://www.facebook.com/abbeyshousemn,undefined,https://instagram.com/abbeyshouse/,undefined,undefined
114,https://smith-adult-community-education.myshopify.com/,not provided,https://www.facebook.com/SmithAdultCommunityEducation,undefined,undefined,https://twitter.com/SmithAdultEd/,undefined
115,https://charlesbridge.myshopify.com/,not provided,https://www.facebook.com/SmithAdultCommunityEducation,undefined,undefined,https://twitter.com/SmithAdultEd/,undefined
116,http://honey-bee-tees.myshopify.com/,info@honeybeetees.com/u003einfo@honeybeetees.com,https://www.facebook.com/tr?id=801642596622974&ev=PageView&noscript=1,undefined,undefined,undefined,undefined
117,https://brace-for-impact-46.myshopify.com/,not provided,https://www.facebook.com/braceforimpact46,undefined,https://instagram.com/braceforimpact46,https://twitter.com/brace4impact46,undefined
118,https://knkmiami.myshopify.com/,not provided,https://www.facebook.com/braceforimpact46,undefined,https://instagram.com/braceforimpact46,https://twitter.com/brace4impact46,undefined
119,https://penguins-nest.myshopify.com/,not provided,https://www.facebook.com/StClementsSchoolToronto,undefined,https://instagram.com/stclementsschool/,https://twitter.com/SCS_Clementines,undefined
120,https://nulo-pet-food.myshopify.com/,slick-carousel@1.8.1,https://www.facebook.com/nulopetfood/,undefined,https://instagram.com/nulopetfood/,https://twitter.com/nulopetfood,https://www.pinterest.com/nulopetfood/_shop/
121,https://loveurnsusa.myshopify.com/,not provided,https://www.facebook.com/nulopetfood/,undefined,https://instagram.com/nulopetfood/,https://twitter.com/nulopetfood,https://www.pinterest.com/nulopetfood/_shop/
122,https://orphan-aid-liberia.myshopify.com/,your-email@example.com/daryl@orphanaidliberia.com,https://www.facebook.com/live2540,https://www.youtube.com/user/orphanaidliberia1,https://instagram.com/live2540inc,https://twitter.com/live2540inc,undefined
123,https://loveurnsusa.myshopify.com/,not provided,https://www.facebook.com/live2540,https://www.youtube.com/user/orphanaidliberia1,https://instagram.com/live2540inc,https://twitter.com/live2540inc,undefined
124,https://navcbookstore.myshopify.com/,not provided,https://www.facebook.com/live2540,https://www.youtube.com/user/orphanaidliberia1,https://instagram.com/live2540inc,https://twitter.com/live2540inc,undefined
125,https://ccd-publishing.myshopify.com/,info@ccdpublishing.com,undefined,undefined,undefined,undefined,undefined
126,https://troyskatingclub.myshopify.com/,not provided,undefined,undefined,undefined,undefined,undefined
127,https://loveurnsusa.myshopify.com/,not provided,undefined,undefined,undefined,undefined,undefined
128,https://navcbookstore.myshopify.com/,not provided,undefined,undefined,undefined,undefined,undefined
129,https://stomastoma.myshopify.com/,not provided,https://www.facebook.com/histomastoma/,undefined,https://instagram.com/hi_stomastoma/,https://twitter.com/StomaStoma,https://www.pinterest.com/StomaStoma
130,https://savannah-ghost-pirates-team-store.myshopify.com/,not provided,https://www.facebook.com/savghostpirates,undefined,https://instagram.com/savghostpirates,https://twitter.com/savghostpirates,undefined
131,https://savelacougars.myshopify.com/,prattb@nwf.org,undefined,undefined,undefined,undefined,undefined
132,https://universal-yarns.myshopify.com/,patterns@universalyarn.com,https://www.facebook.com/UniversalYarn,undefined,https://instagram.com/universal_yarn/,https://twitter.com/universalyarn,https://www.pinterest.com/universalyarn/
133,https://alice-wonder.myshopify.com/,support@aliceandwonder.com/ali@aliceandwonder.com,https://www.facebook.com/aliceandwonderboutique,undefined,https://instagram.com/aliceandwonder,undefined,https://www.pinterest.com/aliceandwonder_/
134,https://storelli.myshopify.com/,support@storellisports.com,https://www.facebook.com/storellisports/,undefined,https://instagram.com/storellisoccer/,https://twitter.com/storellisports,undefined
135,https://league-shore-sh.myshopify.com/,not provided,undefined,undefined,undefined,undefined,undefined
136,https://charlesbridge.myshopify.com/,not provided,undefined,undefined,undefined,undefined,undefined
137,https://charlesbridge.myshopify.com/,not provided,undefined,undefined,undefined,undefined,undefined
138,https://endow-groups.myshopify.com/,not provided,https://www.facebook.com/ENDOWgroups/,https://www.youtube.com/channel/UChvHeIiX5o2y_amWYkS-JsQ,https://instagram.com/endowgroups/?hl=en,undefined,https://www.pinterest.com/endowgroups/
139,https://stomastoma.myshopify.com/,not provided,https://www.facebook.com/histomastoma/,undefined,https://instagram.com/hi_stomastoma/,https://twitter.com/StomaStoma,https://www.pinterest.com/StomaStoma
140,https://stratton-mountain-resort-store.myshopify.com/,?subject=check this https://shop.stratton.com/pages/contact-us,undefined,undefined,undefined,undefined,undefined
141,https://faire-child-makewear.myshopify.com/,help@fairechild.com,https://www.facebook.com/fairechild/,undefined,https://instagram.com/fairechild/,undefined,undefined
142,https://mama-said-tees.myshopify.com/,not provided,undefined,undefined,undefined,undefined,undefined
143,https://charlesbridge.myshopify.com/,not provided,undefined,undefined,undefined,undefined,undefined
144,https://charlesbridge.myshopify.com/,not provided,undefined,undefined,undefined,undefined,undefined
145,https://stocked-general-store.myshopify.com/,hey@stockedgeneral.com,https://www.facebook.com/stockedgeneral/,undefined,https://instagram.com/stockedgeneral/,https://twitter.com/stockedgeneral,undefined
146,https://central-park-tennis-center.myshopify.com/,not provided,undefined,undefined,undefined,undefined,undefined
147,https://charlesbridge.myshopify.com/,not provided,undefined,undefined,undefined,undefined,undefined
148,https://glacier-tek.myshopify.com/,not provided,https://www.facebook.com/GlacierTek/,https://www.youtube.com/watch?v=TMJnWix0MHc,https://instagram.com/prepare2bcool/,undefined,undefined
149,https://charlesbridge.myshopify.com/,not provided,https://www.facebook.com/GlacierTek/,https://www.youtube.com/watch?v=TMJnWix0MHc,https://instagram.com/prepare2bcool/,undefined,undefined
150,https://actors-studio-of-orange-county.myshopify.com/,not provided,https://www.facebook.com/ASOOC/,https://www.youtube.com/channel/UC6qVZND0a37JIoDlTOYmcPQ,https://instagram.com/actorsstudiooforangecounty/,https://twitter.com/asooc,undefined
151,https://league-shore-sh.myshopify.com/,not provided,https://www.facebook.com/ASOOC/,https://www.youtube.com/channel/UC6qVZND0a37JIoDlTOYmcPQ,https://instagram.com/actorsstudiooforangecounty/,https://twitter.com/asooc,undefined
152,https://rustic-maple.myshopify.com/,not provided,undefined,undefined,undefined,undefined,undefined
153,https://storelli.myshopify.com/,not provided,undefined,undefined,undefined,undefined,undefined
154,https://screaming-eagles-online-shop.myshopify.com/,merchandise@screaming-eagles.com,https://www.facebook.com/pages/Screaming-Eagles-Inc/23103220234,undefined,undefined,https://twitter.com/@ScreamingEagles,undefined
155,https://timberlinelodge.myshopify.com/,not provided,https://www.facebook.com/pages/Screaming-Eagles-Inc/23103220234,undefined,undefined,https://twitter.com/@ScreamingEagles,undefined
156,https://timberlinelodge.myshopify.com/,not provided,https://www.facebook.com/pages/Screaming-Eagles-Inc/23103220234,undefined,undefined,https://twitter.com/@ScreamingEagles,undefined
157,https://charlesbridge.myshopify.com/,not provided,https://www.facebook.com/pages/Screaming-Eagles-Inc/23103220234,undefined,undefined,https://twitter.com/@ScreamingEagles,undefined
158,https://charlesbridge.myshopify.com/,not provided,https://www.facebook.com/pages/Screaming-Eagles-Inc/23103220234,undefined,undefined,https://twitter.com/@ScreamingEagles,undefined
159,https://cls-shops.myshopify.com/,not provided,https://www.facebook.com/sharer.php?u=,undefined,https://instagram.com/charlottelatinschool/,https://twitter.com/share?text=&amp;url=;source=webclient,undefined
160,https://natural-resources-hq.myshopify.com/,your-email@example.com/info@naturalresources-sf.com,https://www.facebook.com/naturalresourcessf,undefined,https://instagram.com/naturalresourcessf/,undefined,undefined
161,https://seaworld-shop.myshopify.com/,not provided,undefined,undefined,undefined,undefined,undefined
162,https://hippique.myshopify.com/,not provided,undefined,undefined,undefined,undefined,undefined
163,https://capellisport-com.myshopify.com/,customerservice@capellisport.com?subject=hello%20i%20need%20information,https://www.facebook.com/CapelliSport,undefined,https://instagram.com/capellisport/,https://twitter.com/capellisport,undefined
164,https://yonderwear.myshopify.com/,not provided,https://www.facebook.com/yondermountain,https://www.youtube.com/user/yondervideo,https://instagram.com/yondermountain,https://twitter.com/yondermountain,undefined
165,https://suplayusa.myshopify.com/,cust_service@suplay.com,https://www.facebook.com/suplaywrestlerworld/,https://www.youtube.com/user/SuplayProducts,https://instagram.com/suplay_products/,https://twitter.com/suplay,undefined
166,https://nulo-pet-food.myshopify.com/,not provided,https://www.facebook.com/suplaywrestlerworld/,https://www.youtube.com/user/SuplayProducts,https://instagram.com/suplay_products/,https://twitter.com/suplay,undefined
167,https://healthwick.myshopify.com/,help@healthwick.ca,https://www.facebook.com/Healthwick/,https://www.youtube.com/channel/UChP3pwgXbHXXA_S0oEWuu5Q,https://instagram.com/healthwick/,https://twitter.com/healthwick,undefined
168,https://smith-adult-community-education.myshopify.com/,not provided,https://www.facebook.com/SmithAdultCommunityEducation,undefined,undefined,https://twitter.com/SmithAdultEd/,undefined
169,https://charlesbridge.myshopify.com/,not provided,https://www.facebook.com/SmithAdultCommunityEducation,undefined,undefined,https://twitter.com/SmithAdultEd/,undefined
170,https://charlesbridge.myshopify.com/,not provided,https://www.facebook.com/SmithAdultCommunityEducation,undefined,undefined,https://twitter.com/SmithAdultEd/,undefined
171,https://once-upon-a-book-club.myshopify.com/,not provided,https://www.facebook.com/SmithAdultCommunityEducation,undefined,undefined,https://twitter.com/SmithAdultEd/,undefined
172,https://footedpajamas.myshopify.com/,info@footedpajamas.com,https://www.facebook.com/FootedPajamasCom/,undefined,https://instagram.com/footedpajamascom/,https://twitter.com/footedpajamas,undefined
173,https://mudpie-san-francisco.myshopify.com/,not provided,undefined,undefined,undefined,undefined,undefined
174,https://charlesbridge.myshopify.com/,not provided,undefined,undefined,undefined,undefined,undefined
175,https://charlesbridge.myshopify.com/,not provided,undefined,undefined,undefined,undefined,undefined
176,https://smithscabs.myshopify.com/,not provided,undefined,undefined,undefined,undefined,undefined
177,https://ccd-publishing.myshopify.com/,not provided,undefined,undefined,undefined,undefined,undefined
178,https://recreate-designs.myshopify.com/,not provided,undefined,undefined,undefined,undefined,undefined
179,https://mama-said-tees.myshopify.com/,not provided,undefined,undefined,undefined,undefined,undefined
180,https://charlesbridge.myshopify.com/,not provided,undefined,undefined,undefined,undefined,undefined
181,https://triple-threat-academy.myshopify.com/,triplethreatacademyct@gmail.com,https://www.facebook.com/TripleThreatAcademy,https://www.youtube.com/channel/UCY9Nx6ugJRQYjCKxHbRS4eQ,https://instagram.com/triplethreatacademyct/,undefined,undefined
182,https://penguins-nest.myshopify.com/,not provided,https://www.facebook.com/TripleThreatAcademy,https://www.youtube.com/channel/UCY9Nx6ugJRQYjCKxHbRS4eQ,https://instagram.com/triplethreatacademyct/,undefined,undefined
183,https://timberlinelodge.myshopify.com/,not provided,https://www.facebook.com/TripleThreatAcademy,https://www.youtube.com/channel/UCY9Nx6ugJRQYjCKxHbRS4eQ,https://instagram.com/triplethreatacademyct/,undefined,undefined
184,https://charlesbridge.myshopify.com/,not provided,https://www.facebook.com/TripleThreatAcademy,https://www.youtube.com/channel/UCY9Nx6ugJRQYjCKxHbRS4eQ,https://instagram.com/triplethreatacademyct/,undefined,undefined
185,https://steelheads-online-bait-shop.myshopify.com/,not provided,undefined,undefined,undefined,undefined,undefined
186,https://campbell-pet-company.myshopify.com/,info@campbellpet.com,https://www.facebook.com/Campbell-Pet-Company-459334464145077,https://www.youtube.com/user/CampbellPetCo,undefined,undefined,undefined
187,https://steelheads-online-bait-shop.myshopify.com/,not provided,undefined,undefined,undefined,undefined,undefined
188,https://charlesbridge.myshopify.com/,not provided,undefined,undefined,undefined,undefined,undefined
189,https://csg-unicorner.myshopify.com/,unicorner@columbusschoolforgirls.org,undefined,undefined,undefined,undefined,undefined
190,https://charlesbridge.myshopify.com/,not provided,undefined,undefined,undefined,undefined,undefined
191,https://robbies-hope-2.myshopify.com/,shop@robbies-hope.com,https://www.facebook.com/robbieshope2018/?modal=admin_todo_tour,https://www.youtube.com/channel/UCcG4PDbNTaOlYFpsgGkik2g,https://instagram.com/robbieshope1,https://twitter.com/robbieshope1,undefined
192,https://charlesbridge.myshopify.com/,not provided,https://www.facebook.com/robbieshope2018/?modal=admin_todo_tour,https://www.youtube.com/channel/UCcG4PDbNTaOlYFpsgGkik2g,https://instagram.com/robbieshope1,https://twitter.com/robbieshope1,undefined
193,https://charlesbridge.myshopify.com/,not provided,https://www.facebook.com/robbieshope2018/?modal=admin_todo_tour,https://www.youtube.com/channel/UCcG4PDbNTaOlYFpsgGkik2g,https://instagram.com/robbieshope1,https://twitter.com/robbieshope1,undefined
194,https://timberlinelodge.myshopify.com/,not provided,https://www.facebook.com/robbieshope2018/?modal=admin_todo_tour,https://www.youtube.com/channel/UCcG4PDbNTaOlYFpsgGkik2g,https://instagram.com/robbieshope1,https://twitter.com/robbieshope1,undefined
195,http://family-matters.myshopify.com/,family@gracebasedfamilies.com,https://www.facebook.com/GraceBasedFamilies/,undefined,https://instagram.com/gracebasedfamilies/,https://twitter.com/GraceBasedFam,https://www.pinterest.com/GraceBasedFamilies/
196,https://wwp-store.myshopify.com/,ui@4.0/support@walkingwithpurpose.com,undefined,undefined,undefined,undefined,undefined
197,https://charlesbridge.myshopify.com/,not provided,undefined,undefined,undefined,undefined,undefined
198,https://timberlinelodge.myshopify.com/,not provided,undefined,undefined,undefined,undefined,undefined
199,https://charlesbridge.myshopify.com/,not provided,undefined,undefined,undefined,undefined,undefined
200,https://yookiwool.myshopify.com/,jess@yookiwool.com,https://www.facebook.com/yookiwool/,undefined,https://instagram.com/yookiwool/,undefined,https://www.pinterest.com/yookiwool/
201,https://amc-shoptwd.myshopify.com/,contact@twdushopsupport.com,undefined,undefined,undefined,undefined,undefined
202,https://timberlinelodge.myshopify.com/,not provided,undefined,undefined,undefined,undefined,undefined
203,https://charlesbridge.myshopify.com/,not provided,undefined,undefined,undefined,undefined,undefined
204,https://steelheads-online-bait-shop.myshopify.com/,not provided,undefined,undefined,undefined,undefined,undefined
205,https://campbell-pet-company.myshopify.com/,info@campbellpet.com,https://www.facebook.com/Campbell-Pet-Company-459334464145077,https://www.youtube.com/user/CampbellPetCo,undefined,undefined,undefined
206,https://steelheads-online-bait-shop.myshopify.com/,not provided,undefined,undefined,undefined,undefined,undefined
207,https://charlesbridge.myshopify.com/,not provided,undefined,undefined,undefined,undefined,undefined
208,https://csg-unicorner.myshopify.com/,unicorner@columbusschoolforgirls.org,undefined,undefined,undefined,undefined,undefined
209,https://charlesbridge.myshopify.com/,not provided,undefined,undefined,undefined,undefined,undefined
210,https://charlesbridge.myshopify.com/,not provided,undefined,undefined,undefined,undefined,undefined
211,https://blochstore-us.myshopify.com/,not provided,https://www.facebook.com/BlochUSA,https://www.youtube.com/channel/UC6hSZnL1NKRgLZywlnHD8Uw,https://instagram.com/blochdanceusa,undefined,undefined
212,https://charlesbridge.myshopify.com/,not provided,https://www.facebook.com/BlochUSA,https://www.youtube.com/channel/UC6hSZnL1NKRgLZywlnHD8Uw,https://instagram.com/blochdanceusa,undefined,undefined
213,https://robbies-hope-2.myshopify.com/,not provided,https://www.facebook.com/BlochUSA,https://www.youtube.com/channel/UC6hSZnL1NKRgLZywlnHD8Uw,https://instagram.com/blochdanceusa,undefined,undefined
214,https://charlesbridge.myshopify.com/,not provided,https://www.facebook.com/BlochUSA,https://www.youtube.com/channel/UC6hSZnL1NKRgLZywlnHD8Uw,https://instagram.com/blochdanceusa,undefined,undefined
215,https://charlesbridge.myshopify.com/,not provided,https://www.facebook.com/BlochUSA,https://www.youtube.com/channel/UC6hSZnL1NKRgLZywlnHD8Uw,https://instagram.com/blochdanceusa,undefined,undefined
216,https://timberlinelodge.myshopify.com/,not provided,https://www.facebook.com/BlochUSA,https://www.youtube.com/channel/UC6hSZnL1NKRgLZywlnHD8Uw,https://instagram.com/blochdanceusa,undefined,undefined
217,http://family-matters.myshopify.com/,family@gracebasedfamilies.com,https://www.facebook.com/GraceBasedFamilies/,undefined,https://instagram.com/gracebasedfamilies/,https://twitter.com/GraceBasedFam,https://www.pinterest.com/GraceBasedFamilies/
218,https://timberlinelodge.myshopify.com/,not provided,https://www.facebook.com/GraceBasedFamilies/,undefined,https://instagram.com/gracebasedfamilies/,https://twitter.com/GraceBasedFam,https://www.pinterest.com/GraceBasedFamilies/
219,https://amc-shoptwd.myshopify.com/,not provided,https://www.facebook.com/GraceBasedFamilies/,undefined,https://instagram.com/gracebasedfamilies/,https://twitter.com/GraceBasedFam,https://www.pinterest.com/GraceBasedFamilies/
220,https://yookiwool.myshopify.com/,jess@yookiwool.com,https://www.facebook.com/yookiwool/,undefined,https://instagram.com/yookiwool/,undefined,https://www.pinterest.com/yookiwool/
221,https://charlesbridge.myshopify.com/,not provided,https://www.facebook.com/yookiwool/,undefined,https://instagram.com/yookiwool/,undefined,https://www.pinterest.com/yookiwool/
222,https://charlesbridge.myshopify.com/,not provided,https://www.facebook.com/yookiwool/,undefined,https://instagram.com/yookiwool/,undefined,https://www.pinterest.com/yookiwool/
223,https://timberlinelodge.myshopify.com/,not provided,https://www.facebook.com/yookiwool/,undefined,https://instagram.com/yookiwool/,undefined,https://www.pinterest.com/yookiwool/
224,https://csg-unicorner.myshopify.com/,not provided,https://www.facebook.com/yookiwool/,undefined,https://instagram.com/yookiwool/,undefined,https://www.pinterest.com/yookiwool/
225,https://charlesbridge.myshopify.com/,not provided,https://www.facebook.com/yookiwool/,undefined,https://instagram.com/yookiwool/,undefined,https://www.pinterest.com/yookiwool/
226,https://spikes-k9-fund.myshopify.com/,support@spikesk9fund.org,https://www.facebook.com/spikesk9fund/,https://www.youtube.com/channel/UCswqkkwkdkGwqyjKCkD5Jfw,https://instagram.com/spikesk9fund/?hl=en,https://twitter.com/Spikesk9fund?ref_src=twsrc%5Egoogle%7Ctwcamp%5Eserp%7Ctwgr%5Eauthor,https://www.pinterest.com/spikesk9fund/
227,https://loveurnsusa.myshopify.com/,not provided,https://www.facebook.com/spikesk9fund/,https://www.youtube.com/channel/UCswqkkwkdkGwqyjKCkD5Jfw,https://instagram.com/spikesk9fund/?hl=en,https://twitter.com/Spikesk9fund?ref_src=twsrc%5Egoogle%7Ctwcamp%5Eserp%7Ctwgr%5Eauthor,https://www.pinterest.com/spikesk9fund/
228,https://howtobbqright.myshopify.com/,support@howtobbqright.com,https://www.facebook.com/HowToBBQRight,https://www.youtube.com/c/howtobbqright,https://instagram.com/howtobbqright/,https://twitter.com/howtobbqright,undefined
229,https://timberlinelodge.myshopify.com/,not provided,https://www.facebook.com/HowToBBQRight,https://www.youtube.com/c/howtobbqright,https://instagram.com/howtobbqright/,https://twitter.com/howtobbqright,undefined
230,https://timberlinelodge.myshopify.com/,not provided,https://www.facebook.com/HowToBBQRight,https://www.youtube.com/c/howtobbqright,https://instagram.com/howtobbqright/,https://twitter.com/howtobbqright,undefined
231,https://san-diego-gulls-gear.myshopify.com/,not provided,https://www.facebook.com/sdgullsahl,undefined,https://instagram.com/sdgullsahl,https://twitter.com/sdgullsahl,undefined
232,https://charlesbridge.myshopify.com/,not provided,https://www.facebook.com/sdgullsahl,undefined,https://instagram.com/sdgullsahl,https://twitter.com/sdgullsahl,undefined
233,https://league-shore-sh.myshopify.com/,not provided,undefined,undefined,undefined,undefined,undefined
234,https://don-fisher.myshopify.com/,hola@don-fisher.com,https://www.facebook.com/donfishershop,undefined,https://instagram.com/don_fisher,undefined,https://www.pinterest.com/donfishershop
235,https://amc-shoptwd.myshopify.com/,not provided,https://www.facebook.com/donfishershop,undefined,https://instagram.com/don_fisher,undefined,https://www.pinterest.com/donfishershop
236,https://cls-shops.myshopify.com/,not provided,https://www.facebook.com/sharer.php?u=,undefined,https://instagram.com/charlottelatinschool/,https://twitter.com/share?text=&amp;url=;source=webclient,undefined
237,https://yiddish-book-center-store.myshopify.com/,?&subject=glass plates of lublin&body=https://shop.yiddishbookcenter.org/products/glass-plates-of-lublin,https://www.facebook.com/sharer.php?u=https://shop.yiddishbookcenter.org/products/glass-plates-of-lublin,undefined,undefined,https://twitter.com/share?text=Glass%20Plates%20of%20Lublin&url=https://shop.yiddishbookcenter.org/products/glass-plates-of-lublin,https://www.pinterest.com/pin/create/button/?url=https://shop.yiddishbookcenter.org/products/glass-plates-of-lublin&media=https://cdn.shopify.com/s/files/1/1025/1057/products/GlassPlatesCov_1024x.jpg?v=1638221302&description=Glass%20Plates%20of%20Lublin%20is%20now%20available%20for%20purchase%20from%20our%20new%20international%20distributor%C2%A0Eurospan.%20If...
238,https://wwp-store.myshopify.com/,ui@4.0/support@walkingwithpurpose.com,undefined,undefined,undefined,undefined,undefined
239,https://wee-rascals.myshopify.com/,not provided,https://www.facebook.com/weerascalsLLC,undefined,https://instagram.com/weerascals,undefined,https://www.pinterest.com/weerascalsllc
240,https://carpeviam.myshopify.com/,not provided,undefined,undefined,https://instagram.com/carpegear/,undefined,undefined
241,https://charlesbridge.myshopify.com/,not provided,undefined,undefined,https://instagram.com/carpegear/,undefined,undefined
242,https://sft-merch.myshopify.com/,not provided,https://www.facebook.com/StudentsforaFreeTibet/,https://www.youtube.com/channel/UCnZR63m3ArJhRbPjbkRy8jQ,https://instagram.com/sft_international/,https://twitter.com/SFTHQ?ref_src=twsrc%5Egoogle%7Ctwcamp%5Eserp%7Ctwgr%5Eauthor,undefined
243,https://lapcos.myshopify.com/,email@newsletter.com/jennifer@lapcosusa.com,https://www.facebook.com/lapcosusa/,undefined,https://instagram.com/lapcos_usa/,undefined,undefined
244,https://the-princeton-university-store.myshopify.com/,not provided,https://www.facebook.com/lapcosusa/,undefined,https://instagram.com/lapcos_usa/,undefined,undefined
245,https://charlesbridge.myshopify.com/,not provided,https://www.facebook.com/lapcosusa/,undefined,https://instagram.com/lapcos_usa/,undefined,undefined
246,https://timberlinelodge.myshopify.com/,not provided,https://www.facebook.com/lapcosusa/,undefined,https://instagram.com/lapcos_usa/,undefined,undefined
247,https://amc-shoptwd.myshopify.com/,not provided,https://www.facebook.com/lapcosusa/,undefined,https://instagram.com/lapcos_usa/,undefined,undefined
248,https://kd-skis-usa.myshopify.com/,not provided,https://www.facebook.com/KDskis/,undefined,https://instagram.com/kdwaterskis/,undefined,undefined
249,https://gemsbylaura.myshopify.com/,help@gemsbylaura.com,https://www.facebook.com/gemsbylaura/,undefined,https://instagram.com/gemsbylaura/?hl=en,undefined,undefined
250,https://smithscabs.myshopify.com/,not provided,https://www.facebook.com/gemsbylaura/,undefined,https://instagram.com/gemsbylaura/?hl=en,undefined,undefined
251,https://mama-said-tees.myshopify.com/,not provided,https://www.facebook.com/gemsbylaura/,undefined,https://instagram.com/gemsbylaura/?hl=en,undefined,undefined
252,https://king-prince-beach-golf-resort.myshopify.com/,not provided,undefined,undefined,undefined,undefined,undefined
253,https://quill-and-cue.myshopify.com/,not provided,https://www.facebook.com/quillandcue,undefined,https://instagram.com/quillandcue,https://twitter.com/quillandcue,https://www.pinterest.com/quillandcue
254,https://amc-shoptwd.myshopify.com/,not provided,https://www.facebook.com/quillandcue,undefined,https://instagram.com/quillandcue,https://twitter.com/quillandcue,https://www.pinterest.com/quillandcue
255,https://bridge-books-dromore.myshopify.com/,your@email.com,https://www.facebook.com/BridgeBooksNI/,undefined,https://instagram.com/bridge_books_dromore,https://twitter.com/BridgeBooksDro1,undefined
256,https://charlesbridge.myshopify.com/,not provided,https://www.facebook.com/BridgeBooksNI/,undefined,https://instagram.com/bridge_books_dromore,https://twitter.com/BridgeBooksDro1,undefined
257,http://myliberty-life.myshopify.com/,email@example.com,https://www.facebook.com/mylibertylife,https://www.youtube.com/iframe_api,undefined,https://twitter.com/mylibertylife,undefined
258,https://lanark-sheepskin.myshopify.com/,not provided,undefined,undefined,undefined,undefined,undefined
259,https://the-pirate-museum.myshopify.com/,email@example.com,https://www.facebook.com/ThePirateMuseum/,undefined,undefined,undefined,undefined
260,https://natural-resources-hq.myshopify.com/,your-email@example.com/info@naturalresources-sf.com,https://www.facebook.com/naturalresourcessf,undefined,https://instagram.com/naturalresourcessf/,undefined,undefined
261,https://juju-stitch.myshopify.com/,juju@jujuandstitch.com,https://www.facebook.com/juju.and.stitch,undefined,https://instagram.com/juju.and.stitch/,undefined,undefined
262,https://blair-center-for-the-arts.myshopify.com/,not provided,https://www.facebook.com/blaircenter,undefined,https://instagram.com/blaircenterforthearts/,undefined,undefined
263,https://gemsbylaura.myshopify.com/,not provided,https://www.facebook.com/blaircenter,undefined,https://instagram.com/blaircenterforthearts/,undefined,undefined
264,https://admissions-petersen.myshopify.com/,not provided,https://www.facebook.com/petersenmuseum,undefined,https://instagram.com/petersenmuseum,https://twitter.com/petersen_museum,https://www.pinterest.com/petersenmuseum/
265,https://don-fisher.myshopify.com/,not provided,https://www.facebook.com/petersenmuseum,undefined,https://instagram.com/petersenmuseum,https://twitter.com/petersen_museum,https://www.pinterest.com/petersenmuseum/
266,https://gemsbylaura.myshopify.com/,not provided,https://www.facebook.com/petersenmuseum,undefined,https://instagram.com/petersenmuseum,https://twitter.com/petersen_museum,https://www.pinterest.com/petersenmuseum/
267,https://www-powerslide-com.myshopify.com/,example@mail.com/user@example.com,https://www.facebook.com/powerslideworld,undefined,https://instagram.com/powerslidebrand,undefined,https://www.pinterest.com/powerslide
268,https://rustic-maple.myshopify.com/,not provided,undefined,undefined,undefined,undefined,undefined
269,https://timberlinelodge.myshopify.com/,not provided,undefined,undefined,undefined,undefined,undefined
270,https://rustic-maple.myshopify.com/,not provided,undefined,undefined,undefined,undefined,undefined
271,https://don-fisher.myshopify.com/,not provided,undefined,undefined,undefined,undefined,undefined
272,http://joahlove.myshopify.com/,not provided,https://www.facebook.com/JOAHLOVE,https://www.youtube.com/channel/UCYTpOHZ-PoZPexFi6iQkrHA,https://instagram.com/JOAHLOVE,https://twitter.com/joahlove,https://www.pinterest.com/JOAHLOVE
273,http://joahlove.myshopify.com/,not provided,https://www.facebook.com/JOAHLOVE,https://www.youtube.com/channel/UCYTpOHZ-PoZPexFi6iQkrHA,https://instagram.com/JOAHLOVE,https://twitter.com/joahlove,https://www.pinterest.com/JOAHLOVE
274,https://mitchells-ice-cream.myshopify.com/,info@mitchellshomemade.com.,undefined,undefined,undefined,undefined,undefined
275,https://eyewearjunkie.myshopify.com/,tooltipster@4.2.6/hello@eyewearjunkie.com,https://www.facebook.com/eyewearjunkie,https://www.youtube.com/channel/UCItYz76soiLzmNrsvYCgNow,https://instagram.com/eyewearjunkieaddict,undefined,undefined
276,https://childrens-tumor-foundation.myshopify.com/,store@ctf.org,https://www.facebook.com/childrenstmrfdn,https://www.youtube.com/channel/UCbfEJDz-PH1fFXFCf2fmm5A,https://instagram.com/childrenstumor,https://twitter.com/childrenstumor,undefined
277,https://timberlinelodge.myshopify.com/,not provided,https://www.facebook.com/childrenstmrfdn,https://www.youtube.com/channel/UCbfEJDz-PH1fFXFCf2fmm5A,https://instagram.com/childrenstumor,https://twitter.com/childrenstumor,undefined
278,https://timberlinelodge.myshopify.com/,not provided,https://www.facebook.com/childrenstmrfdn,https://www.youtube.com/channel/UCbfEJDz-PH1fFXFCf2fmm5A,https://instagram.com/childrenstumor,https://twitter.com/childrenstumor,undefined
279,https://charlotte-checkers.myshopify.com/,image_a315b095-0f09-4f60-8267-8afc1850b2e1_250x250@2x.heic,undefined,undefined,undefined,undefined,undefined
280,https://stomastoma.myshopify.com/,not provided,https://www.facebook.com/histomastoma/,undefined,https://instagram.com/hi_stomastoma/,https://twitter.com/StomaStoma,https://www.pinterest.com/StomaStoma
281,https://abbeys-house.myshopify.com/,not provided,https://www.facebook.com/abbeyshousemn,undefined,https://instagram.com/abbeyshouse/,undefined,undefined
282,https://mcguire-moorman-hospitality.myshopify.com/,shop@mmlhospitality.com,undefined,undefined,undefined,undefined,undefined
283,https://lascoota.myshopify.com/,support@lascoota.com,https://www.facebook.com/lascootastore,https://www.youtube.com/channel/UC-ANn4XRborZjF-R6ezvykg,https://instagram.com/lascootastore/,https://twitter.com/lascootastore/,undefined
284,https://mama-said-tees.myshopify.com/,not provided,https://www.facebook.com/lascootastore,https://www.youtube.com/channel/UC-ANn4XRborZjF-R6ezvykg,https://instagram.com/lascootastore/,https://twitter.com/lascootastore/,undefined
285,https://timberlinelodge.myshopify.com/,not provided,https://www.facebook.com/lascootastore,https://www.youtube.com/channel/UC-ANn4XRborZjF-R6ezvykg,https://instagram.com/lascootastore/,https://twitter.com/lascootastore/,undefined
286,https://faire-child-makewear.myshopify.com/,help@fairechild.com,https://www.facebook.com/fairechild/,undefined,https://instagram.com/fairechild/,undefined,undefined
287,https://raddish-kids.myshopify.com/,vendors@layout.theme.js/vendors@template.index,https://www.facebook.com/raddishkids,undefined,https://instagram.com/raddishkids,https://twitter.com/raddishkids,https://www.pinterest.com/raddishkids
288,https://sweet-dreams-coffee-and-cake-shop.myshopify.com/,mysdbakery@gmail.com,https://www.facebook.com/Sweet-Dreams-Pastry-Ice-Cream-114865165191337/,undefined,https://instagram.com/sweetdreamspastries/?hl=en,undefined,undefined
289,https://nulo-pet-food.myshopify.com/,slick-carousel@1.8.1,https://www.facebook.com/nulopetfood/,undefined,https://instagram.com/nulopetfood/,https://twitter.com/nulopetfood,https://www.pinterest.com/nulopetfood/_shop/
290,https://loveurnsusa.myshopify.com/,mail@loveurns.com,https://www.facebook.com/loveurns,https://www.youtube.com/channel/UChMCVNwQObgahZVyVYYY_ew,https://instagram.com/loveurns,https://twitter.com/loveurns,https://www.pinterest.com/loveurns/
291,https://binky-bro.myshopify.com/,not provided,https://www.facebook.com/binkybro,undefined,https://instagram.com/binkybro/,undefined,undefined
292,https://theoodie.myshopify.com/,partnerships@theoodie.com,https://www.facebook.com/theofficialoodie,undefined,https://instagram.com/the_oodie,https://twitter.com/TheOodie,undefined
293,https://jordyns-summer-shirt-project.myshopify.com/,info@bekindtoeveryone.com,https://www.facebook.com/summershirtproject,https://www.youtube.com/channel/UCp7ni8WmFo0CLzGBDwJdMSg,https://instagram.com/summershirtproject,undefined,undefined
294,https://theoodie.myshopify.com/,partnerships@theoodie.com,https://www.facebook.com/theofficialoodie,undefined,https://instagram.com/the_oodie,https://twitter.com/TheOodie,undefined
295,http://paco-252.myshopify.com/,service@charroazteca.com,undefined,undefined,undefined,undefined,undefined
296,https://petiteknit.myshopify.com/,support@petiteknit.com,undefined,undefined,undefined,undefined,undefined
297,https://absorption-pharm-llc.myshopify.com/,customerservice@promescent.com,https://www.facebook.com/Promescent/,https://www.youtube.com/embed/yxp0L83RddA?enablejsapi=1,https://instagram.com/promescent/,https://twitter.com/Promescent,undefined
298,https://exederm.myshopify.com/,not provided,undefined,undefined,undefined,undefined,undefined
299,https://lloyds-pharmacy.myshopify.com/,not provided,undefined,undefined,undefined,undefined,undefined
300,https://musicplaza.myshopify.com/,support@musicplaza.com,undefined,undefined,https://instagram.com/musicplaza_la,https://twitter.com/musicplaza_la?lang=en,undefined
301,https://lloyds-pharmacy.myshopify.com/,not provided,undefined,undefined,undefined,undefined,undefined
302,https://musicplaza.myshopify.com/,support@musicplaza.com,undefined,undefined,https://instagram.com/musicplaza_la,https://twitter.com/musicplaza_la?lang=en,undefined
303,https://criticalrole.myshopify.com/,support@critrole.com,https://www.facebook.com/criticalrole,https://www.youtube.com/criticalrole,https://instagram.com/critical_role,https://twitter.com/criticalrole,https://www.pinterest.com/criticalrole
304,https://library-of-congress-shop.myshopify.com/,retail@loc.gov,undefined,undefined,undefined,undefined,undefined
305,https://besharamindia.myshopify.com/,hello@imbesharam.com,https://www.facebook.com/IMbesharam/,https://www.youtube.com/user/ImbesharamFAQs,https://instagram.com/imbesharam/,https://twitter.com/imbesharam,https://www.pinterest.com/imbesharam/
306,https://avocadomattress.myshopify.com/,info@avocadogreenmattress.com,https://www.facebook.com/AvocadoMattress/,https://www.youtube.com/channel/UCPMy1UgQBF3ZpkWgMilL7jA,https://instagram.com/avocadomattress/?hl=en,undefined,https://www.pinterest.com/avocadomattress/
307,https://timberlinelodge.myshopify.com/,not provided,https://www.facebook.com/AvocadoMattress/,https://www.youtube.com/channel/UCPMy1UgQBF3ZpkWgMilL7jA,https://instagram.com/avocadomattress/?hl=en,undefined,https://www.pinterest.com/avocadomattress/
308,https://poshpeanuts-com.myshopify.com/,not provided,https://www.facebook.com/poshpeanut,undefined,https://instagram.com/poshpeanut/,https://twitter.com/poshpeanut,https://www.pinterest.com/poshpeanut/
309,https://microsoft-minecraft.myshopify.com/,accessible-slick@1.0.1/contact@minecraftshopsupport.com,https://www.facebook.com/minecraft,https://www.youtube.com/Minecraft,https://instagram.com/minecraft,https://twitter.com/minecraft,undefined
310,https://mfceo.myshopify.com/,not provided,https://www.facebook.com/andrewjfrisella,https://www.youtube.com/channel/UC65-DsZ4tUq9iqC-UEt8lNw,https://instagram.com/andyfrisella,undefined,undefined
311,https://arctic-fox-india.myshopify.com/,customercare@arcticfox.com/sridhar@arcticfox.com,https://www.facebook.com/ArcticFoxIndia/,https://www.youtube.com/channel/UCvFN0i0pkADMQr1ArKgghpg,https://instagram.com/arcticfoxindia/?hl=en,https://twitter.com/Arcticfox_IN,undefined
